Workbook
Name BD: #REF!

Sheet Email Ids for Billing Mails
A1: # | B1: Project Name | C1: CC | D1: Payee name | E1: Billing Company Name | F1: Hardcopy needed (Yes/No) | G1: To | H1: cc List (external) | I1: cc to CMES Team (O&M, Minal, Kumar) | J1: Contact Numbers | K1: Contact Number - Collections Specific | L1: Invoiced by
A2: 1 | B2: Agharkar-MH-Pune-100.79kWp Total | C2: =VLOOKUP(B2,Sheet1!B2:D486,2,0) -> West | D2: Maharastra Association for cultivation of Science | E2: CMES | F2: Yes | G2: A V Chaudhari <avchaudhari@aripune.org>, Rahul G Birwadkar <rbirwadkar@aripune.org>, pv sawant <pvsawant@aripune.org>, Minal Vithlani <minal.vithlani@cleanmax.com>, "accounts ." <accounts@aripune.org>, Logesh B <logesh.b@cleanmax.com>, Prasad Kulkarni <prasad.kulkarni@cleanmax.com>, Kumaravel R <kumaravel.r@cleanmax.com> | H2: accounts@aripune.org | L2: =VLOOKUP(C2,Sheet1!A1:E477,2,0) -> #N/A
A3: 2 | B3: Manipal Resorts-KA-Bangalore-135kWp Total | C3: =VLOOKUP(B3,Sheet1!B3:D487,2,0) -> South | D3: Manipal Resorts Co Pvt Ltd | E3: CMES | F3: No | G3: kshitij.mohan@manipalglobal.com; naresh.shanmugam@manipalglobal.com; sunil.v@manipalglobal.com | L3: =VLOOKUP(C3,Sheet1!A2:E478,2,0) -> #N/A
A4: 3 | B4: Medha Servo-TS-Hyderabad-252kWp Total | C4: =VLOOKUP(B4,Sheet1!B4:D488,2,0) -> South | D4: Medha Servo Drives Pvt Ltd | E4: CMES | F4: No | G4: sudhakark@medha.com; sasikalat@medha.com; nagenderkumark@medha.com; | L4: =VLOOKUP(C4,Sheet1!A3:E479,2,0) -> #N/A
A5: 4 | B5: Nestle-HR-Samalkha-300kWp Total | C5: =VLOOKUP(B5,Sheet1!B5:D489,2,0) -> North | D5: Nestle India Ltd | E5: CMES | F5: No | G5: Generic.INInvoiceSAR01@in.nestle.com | H5: vikas.patil@cleanmax.com | L5: =VLOOKUP(C5,Sheet1!A4:E480,2,0) -> #N/A
A6: 5 | B6: Mahindra & Mahindra-MH-Nagpur-235kWp Total | C6: =VLOOKUP(B6,Sheet1!B6:D490,2,0) -> West | D6: Mahindra & Mahindra Limited | E6: CMES | F6: No | G6: JAIN RITESH-NGP <JAIN.RITESH1@mahindra.com>,JUNGHARE GUNWANTA <JUNGHARE.GUNWANTA@mahindra.com>, GOTMARE SURAJ <GOTMARE.SURAJ@mahindra.com>, Minal Vithlani <minal.vithlani@cleanmax.com>, Satish Chavan <satish.chavan@cleanmax.com>, Logesh B <logesh.b@cleanmax.com>, Kumaravel R <kumaravel.r@cleanmax.com>, Akshay Mohale <akshay.mohale@cleanmax.com> | H6: BHARADWAJ.SHUBHOMOY@mahindra.com;213420@mahindra.com | L6: =VLOOKUP(C6,Sheet1!A5:E481,2,0) -> #N/A
A7: 6 | B7: CPWD-MH-Pune-151kWp Total | C7: =VLOOKUP(B7,Sheet1!B7:D491,2,0) -> West | D7: Central Excise & Service Tax-Pune-II | E7: CMES | F7: Yes | G7: lbpune2@gmail.com | L7: =VLOOKUP(C7,Sheet1!A6:E482,2,0) -> #N/A
A8: 7 | B8: MMM Sanand-GJ-Ahmedabad-192kWp Total | C8: =VLOOKUP(B8,Sheet1!B8:D492,2,0) -> West | D8: Magneti Marelli Motherson Auto Systems Pvt Ltd | E8: CMES | F8: No | G8: "Rawat Vinod (MMLI)" <Vinod.rawat@marelli.motherson.com>, "Jagtap, Prasad (MMLI)" <Prasad.Jagtap@marelli.motherson.com>, Kumaravel R <kumaravel.r@cleanmax.com>, Yash Lavhate <yash.lavhate@cleanmax.com>; hiteshk.rohilla@marelli.motherson.com; Naveen.Agarwal01@marelli.motherson.com; maint.sanand@marelli.motherson.com | H8: anupam@marelli.motherson.com;shailesh.sakhare@marelli.motherson.com;Vinod.rawat@marelli.motherson.com | L8: =VLOOKUP(C8,Sheet1!A7:E483,2,0) -> #N/A
A9: 8 | B9: CPWD-UP-Agra-50kWp Total | C9: =VLOOKUP(B9,Sheet1!B9:D493,2,0) -> North | D9: Agra Central Electrical Division | E9: CMES | F9: Yes | G9: acesd.agra@gmail.com;eebced@rediffmail.com | L9: =VLOOKUP(C9,Sheet1!A8:E484,2,0) -> #N/A
A10: 9 | B10: CPWD-KA-Bangalore-75.6kWp Total | C10: =VLOOKUP(B10,Sheet1!B10:D494,2,0) -> South | D10: Bangalore Central Electrical Division | E10: CMES | F10: Yes | G10: vidhyaslm@gmail.com;raj.danny27@gmail.com | L10: =VLOOKUP(C10,Sheet1!A9:E485,2,0) -> #N/A
A11: 10 | B11: IIT-BHU-UP-Varanasi-1518kWp Total | C11: =VLOOKUP(B11,Sheet1!B11:D495,2,0) -> North | D11: Indian Institute of Technology Banaras Hindu University | E11: CMES | F11: Yes | G11: Office.iwd@iitbhu.ac.in;sbd.civ@iitbhu.ac.in;aecivil.iwd@itbhu.ac.in | H11: skgupta.civ@iitbhu.ac.in | L11: =VLOOKUP(C11,Sheet1!A10:E486,2,0) -> #N/A
A12: 11 | B12: Kendriya Sadan-TS-Hyderabad-100.8kWp Total | C12: =VLOOKUP(B12,Sheet1!B12:D495,2,0) -> South | D12: Executive Engineer, HCED II, CPWD Telengana | E12: CMES | F12: Yes | G12: hcesd5cpwd@gmail.com | H12: sivacpwd@gmail.com | L12: =VLOOKUP(C12,Sheet1!A11:E487,2,0) -> #N/A
A13: 12 | B13: Kendriya Sadan-MH-Belapur-37kWp Total | C13: =VLOOKUP(B13,Sheet1!B13:D495,2,0) -> West | D13: Executive Engineer, CPWD, Belapur | E13: CMES | F13: Yes | G13: MCED V <eeemcedv@gmail.com>, shachendra@yahoo.co.in, Kumaravel R <kumaravel.r@cleanmaxsolar.com>, Logesh B <logesh.b@cleanmax.com>, Minal Vithlani <minal.vithlani@cleanmax.com>, AEE3 MCED <aee3mced3cpwd@gmail.com>, Rakesh Kumar Sharma <sharmacpwd@gmail.com>, Assistant Engineer Mced <aee3mcedv@gmail.com>, "Westteam.am" <westteam.am@cleanmax.com> | H13: aee3mced3cpwd@gmail.com;sharmacpwd@gmail.com;aee3mcedv@gmail.com | L13: =VLOOKUP(C13,Sheet1!A12:E488,2,0) -> #N/A
A14: 13 | B14: CGO-MH-Belapur-50.4kWp Total | C14: =VLOOKUP(B14,Sheet1!B14:D496,2,0) -> West | D14: Executive Engineer, CPWD, Mumbai | E14: CMES | F14: Yes | G14: MCED V <eeemcedv@gmail.com>, shachendra@yahoo.co.in, Kumaravel R <kumaravel.r@cleanmaxsolar.com>, Logesh B <logesh.b@cleanmax.com>, Minal Vithlani <minal.vithlani@cleanmax.com>, AEE3 MCED <aee3mced3cpwd@gmail.com>, Rakesh Kumar Sharma <sharmacpwd@gmail.com>, Assistant Engineer Mced <aee3mcedv@gmail.com>, "Westteam.am" <westteam.am@cleanmax.com> | H14: aee3mced3cpwd@gmail.com;sharmacpwd@gmail.com;aee3mcedv@gmail.com | L14: =VLOOKUP(C14,Sheet1!A13:E489,2,0) -> #N/A
A15: 14 | B15: CPWD-MH-Mumbai-50kWp Total | C15: =VLOOKUP(B15,Sheet1!B15:D497,2,0) -> West | D15: Executive Engineer, CPWD Marinelines Mumbai | E15: CMES | F15: Yes | G15: sd2 mced1 <sd2_mced1@yahoo.co.in> | L15: =VLOOKUP(C15,Sheet1!A14:E490,2,0) -> #N/A
A16: 15 | B16: CGO Complex-UP-Ghaziabad-126kWp Total | C16: =VLOOKUP(B16,Sheet1!B16:D498,2,0) -> North | D16: CGO Complex, Ghaziabad | E16: CMES | F16: Yes | G16: aee1gcesd1hcedcpwd@gmail.com | H16: kamal.kk.05@gmail.com | L16: =VLOOKUP(C16,Sheet1!A15:E491,2,0) -> #N/A
A17: 16 | B17: GPO-UP-Ghaziabad-113kWp Total | C17: =VLOOKUP(B17,Sheet1!B17:D499,2,0) -> North | D17: GPO, Ghaziabad | E17: CMES | F17: Yes | G17: aee1gcesd1hcedcpwd@gmail.com | H17: kamal.kk.05@gmail.com | L17: =VLOOKUP(C17,Sheet1!A16:E492,2,0) -> #N/A
A18: 17 | B18: RAF-UP-Meerut-75kWp Total | C18: =VLOOKUP(B18,Sheet1!B18:D500,2,0) -> North | D18: Rapid Action Force (RAF) | E18: CMES | F18: Yes | G18: computercell108raf@gmail.com;sandeep108bn@gmail.com | L18: =VLOOKUP(C18,Sheet1!A17:E493,2,0) -> #N/A
A19: 18 | B19: NVTI-UP-Noida-115kWp Total | C19: =VLOOKUP(B19,Sheet1!B19:D501,2,0) -> North | D19: National Vocational Training Institute (NVTI) | E19: CMES | F19: Yes | G19: nvti@nic.in | L19: =VLOOKUP(C19,Sheet1!A18:E494,2,0) -> #N/A
A20: 19 | B20: MHEL-CHAKAN-MH-Pune-64kWp Total | C20: =VLOOKUP(B20,Sheet1!B20:D502,2,0) -> West | D20: Mahindra Heavy Engines Limited | E20: CMES | F20: No | G20: ENCHALWAR GAJANAN - MHEL <ENCHALWAR.GAJANAN@mahindra.com>, Prasad Kulkarni <prasad.kulkarni@cleanmax.com>, CHAVAN HEMANT-MHEL <CHAVAN.HEMANT@mahindra.com>, Minal Vithlani <minal.vithlani@cleanmax.com>, KUMAR ADITYA - MHEL <KUMAR.ADITYA203d22@mahindra.com>, Kumaravel R <kumaravel.r@cleanmax.com>, Logesh B <logesh.b@cleanmax.com> | H20: Kakade.Pankaj@mahindra.com;CHAVAN.HEMANT@mahindra.com; | L20: =VLOOKUP(C20,Sheet1!A19:E495,2,0) -> #N/A
A21: 20 | B21: MHEL-CHAKAN-MH-Pune-211kWp Total | C21: =VLOOKUP(B21,Sheet1!B21:D503,2,0) -> West | D21: Mahindra Heavy Engines Limited | E21: CMES | F21: No | G21: ENCHALWAR GAJANAN - MHEL <ENCHALWAR.GAJANAN@mahindra.com>, Prasad Kulkarni <prasad.kulkarni@cleanmax.com>, CHAVAN HEMANT-MHEL <CHAVAN.HEMANT@mahindra.com>, Minal Vithlani <minal.vithlani@cleanmax.com>, KUMAR ADITYA - MHEL <KUMAR.ADITYA203d22@mahindra.com>, Kumaravel R <kumaravel.r@cleanmax.com>, Logesh B <logesh.b@cleanmax.com> | H21: Kakade.Pankaj@mahindra.com;CHAVAN.HEMANT@mahindra.com | L21: =VLOOKUP(C21,Sheet1!A20:E495,2,0) -> #N/A
A22: 21 | B22: KIOCL-KA-Mangalore-191.2kWp Total | C22: =VLOOKUP(B22,Sheet1!B22:D504,2,0) -> South | D22: Kudremukh Iron Ore Company Limited | E22: CMES | F22: No | L22: =VLOOKUP(C22,Sheet1!A21:E495,2,0) -> #N/A
A23: 22 | B23: KIOCL-KA-Mangalore-102.4kWp Total | C23: =VLOOKUP(B23,Sheet1!B23:D504,2,0) -> South | D23: Kudremukh Iron Ore Company Limited | E23: CMES | F23: No | L23: =VLOOKUP(C23,Sheet1!A22:E496,2,0) -> #N/A
A24: 23 | B24: KIOCL-KA-Mangalore-83.2kWp Total | C24: =VLOOKUP(B24,Sheet1!B24:D505,2,0) -> South | D24: Kudremukh Iron Ore Company Limited | E24: CMES | F24: No | G24: mcpp@kioclltd.com; | L24: =VLOOKUP(C24,Sheet1!A23:E497,2,0) -> #N/A
A25: 24 | B25: Mahindra & Mahindra-RJ-Jaipur-269kWp Total | C25: =VLOOKUP(B25,Sheet1!B25:D506,2,0) -> West | D25: Mahindra & Mahindra Ltd | E25: CMES | F25: No | G25: kumar.manoj100@mahindra.com; YADAV.RAJESHKUMAR@mahindra.com;kuldeep.choudhary2@mahindra.com;23074175@mahindra.com | H25: shrivastava.mukesh2@mahindra.com;JAIN.ASHISH5@mahindra.com;yadav.satyaprakash@mahindra.comsingh.surendra8@mahindra.com;Dubey.sunil2@mahindra.com;singh.asim@mahindra.com;mantri.anant@mahindra.com | L25: =VLOOKUP(C25,Sheet1!A24:E498,2,0) -> #N/A
A26: 25 | B26: AMU-UP-Aligarh-1141.1kWp Total | C26: =VLOOKUP(B26,Sheet1!B26:D507,2,0) -> North | D26: Aligarh Muslim University | E26: CMES | F26: Yes | G26: m.rihan.ee@amu.ac.in;shamim_3747@rediffmail.com | L26: =VLOOKUP(C26,Sheet1!A25:E499,2,0) -> #N/A
A27: 26 | B27: AMU-UP-Aligarh-359.8kWp Total | C27: =VLOOKUP(B27,Sheet1!B27:D508,2,0) -> North | D27: Aligarh Muslim University | E27: CMES | F27: Yes | G27: m.rihan.ee@amu.ac.in;shamim_3747@rediffmail.com | L27: =VLOOKUP(C27,Sheet1!A26:E500,2,0) -> #N/A
A28: 27 | B28: Unitech Sec-21-HR-Gurugram-333.9kWp Total | C28: =VLOOKUP(B28,Sheet1!B28:D509,2,0) -> North | D28: CANDOR KOLKATA ONE HI-TECH STRUCTURES PVT. LTD | E28: CMES Cogen | F28: No | G28: Deepak.Dahiya@ap.jll.com;srijit.mukherjee@brookfieldproperties.com | H28: Parveen.KR@ap.jll.com;estate.managerG2@brookfield.com;sureshkumar.rana@brookfieldproperties.com;Manoj.Rajput@ap.jll.com | L28: =VLOOKUP(C28,Sheet1!A27:E501,2,0) -> #N/A
A29: 28 | B29: Unitech Sec-48-HR-Gurugram-199kWp Total | C29: =VLOOKUP(B29,Sheet1!B29:D510,2,0) -> North | D29: Candor Gurgaon One Developers & Projects Pvt Ltd | E29: CMES Cogen | F29: No | G29: estate.managerg1@brookfield.com;Krishan.Kumar@ap.jll.com | H29: Rupesh.Rai@ap.jll.com | L29: =VLOOKUP(C29,Sheet1!A28:E502,2,0) -> #N/A
A30: 29 | B30: BASF-MH-Mumbai-26.88kWp Total | C30: =VLOOKUP(B30,Sheet1!B30:D511,2,0) -> West | D30: BASF Chemicals India Pvt Ltd | E30: CMES IPP1 | F30: Yes | G30: #N/A | L30: =VLOOKUP(C30,Sheet1!A29:E503,2,0) -> #N/A
A31: 30 | B31: Minda (Plant-2)-HR-Rewari-100kWp Total | C31: =VLOOKUP(B31,Sheet1!B31:D512,2,0) -> North | D31: Furukawa Minda Electric Pvt. Ltd | E31: CMES IPP1 | F31: No | G31: Dileep.kumar@furukawaminda.com; | H31: marut.chaudhary@furukawaminda.com | L31: =VLOOKUP(C31,Sheet1!A30:E504,2,0) -> #N/A
A32: 31 | B32: Ministry of Earth Science-DL-New Delhi-60.8kWp Total | C32: =VLOOKUP(B32,Sheet1!B32:D513,2,0) -> North | D32: Ministry of Earth Science | E32: CMES IPP1 | F32: Yes | G32: ankit.jain@nic.in;praveen.kj@nic.in; vivek.sangwan@nic.in | L32: =VLOOKUP(C32,Sheet1!A31:E504,2,0) -> #N/A
A33: 32 | B33: Viviana Mall-MH-Thane-89.6kWp Total | C33: =VLOOKUP(B33,Sheet1!B33:D514,2,0) -> West | D33: Sheth Developers & Realtors (India) Limited | E33: CMES IPP1 | F33: No | G33: Devyani Bhosle <enghelpdesk@lakeshorein.com>, Subhash Ahuja <sahuja@lakeshorein.com>, Nitin Vichare <nvichare@lakeshorein.com>, Kapil Jadhav <kjadhav@lakeshorein.com>, Narayana Reddy Chintala <nchintala@lakeshorein.com>, Ranjeet Yadav <ryadav@lakeshorein.com>, Kumaravel R <kumaravel.r@cleanmax.com>, Logesh B <logesh.b@cleanmax.com>, Minal Vithlani <minal.vithlani@cleanmax.com>, Prasad Kulkarni <prasad.kulkarni@cleanmax.com>, Kaushal Kishore <kaushal.kishore@cleanmax.com>, Yash Lavhate <yash.lavhate@cleanmax.com> | H33: ganesh.shelar@vivianamalls.com; | L33: =VLOOKUP(C33,Sheet1!A32:E505,2,0) -> #N/A
A34: 33a | B34: NCMRWF-UP-Noida-158.1kWp Total 1 | C34: =VLOOKUP(B34,Sheet1!B34:D515,2,0) -> North | D34: National Center for Medium Range Weather Forecasting | E34: CMES IPP1 | F34: Yes | G34: Hema@ncmrwf.gov.in;anil@ncmrwf.gov.in | L34: =VLOOKUP(C34,Sheet1!A33:E506,2,0) -> #N/A
A35: 33b | B35: NCMRWF-UP-Noida-158.1kWp Total 2 | C35: =VLOOKUP(B35,Sheet1!B35:D516,2,0) -> North | D35: National Center for Medium Range Weather Forecasting | E35: CMES IPP1 | F35: Yes | G35: Hema@ncmrwf.gov.in;anil@ncmrwf.gov.in | L35: =VLOOKUP(C35,Sheet1!A34:E507,2,0) -> #N/A
A36: 34 | B36: NRCG-MH-Pune-70.4kWp Total | C36: =VLOOKUP(B36,Sheet1!B36:D517,2,0) -> West | D36: National Research Center for Grapes | E36: CMES IPP1 | F36: Yes | G36: Auditnrcgrapes Grapes <auditnrcgrapes@gmail.com>, kaliicarnrcg@gmail.com, "Director, ICAR-NRC Grapes, Pune" <dirnrcg@gmail.com>, Minal Vithlani <minal.vithlani@cleanmax.com>, Kumaravel R <kumaravel.r@cleanmax.com>, Logesh B <logesh.b@cleanmax.com>, "Westteam.am" <westteam.am@cleanmax.com> | H36: auditnrcgrapes@gmail.com | L36: =VLOOKUP(C36,Sheet1!A35:E508,2,0) -> #N/A
A37: 35 | B37: INCOIS-TS-Hyderabad-397kWp Total | C37: =VLOOKUP(B37,Sheet1!B37:D518,2,0) -> South | D37: Indian National Centre For Ocean Information Services | E37: CMES IPP1 | F37: Yes | G37: vijay@incois.gov.in;nbsubrahmanyam@incois.gov.in | L37: =VLOOKUP(C37,Sheet1!A36:E509,2,0) -> #N/A
A38: 36a | B38: DBSKKV-MH-Raatnagiri-241.92kWp Total 1 | C38: =VLOOKUP(B38,Sheet1!B38:D519,2,0) -> West | D38: Dr. Balasaheb Sawant Konkan Krishi Vidyapeeth | E38: CMES IPP1 | F38: Yes | G38: universityengineerdbskkv@gmail.com, regrdbskkv@rediffmail.com, regr.dbskkv@gov.in, Minal Vithlani <minal.vithlani@cleanmax.com>, Prasad Kulkarni <prasad.kulkarni@cleanmax.com>, Kumaravel R <kumaravel.r@cleanmax.com>, Yash Lavhate <yash.lavhate@cleanmax.com>, Logesh B <logesh.b@cleanmax.com> | L38: =VLOOKUP(C38,Sheet1!A37:E510,2,0) -> #N/A
A39: 36b | B39: DBSKKV-MH-Raatnagiri-241.92kWp Total 2 | C39: =VLOOKUP(B39,Sheet1!B39:D520,2,0) -> West | D39: Dr. Balasaheb Sawant Konkan Krishi Vidyapeeth | E39: CMES IPP1 | F39: Yes | G39: universityengineerdbskkv@gmail.com, regrdbskkv@rediffmail.com, regr.dbskkv@gov.in, Minal Vithlani <minal.vithlani@cleanmax.com>, Prasad Kulkarni <prasad.kulkarni@cleanmax.com>, Kumaravel R <kumaravel.r@cleanmax.com>, Yash Lavhate <yash.lavhate@cleanmax.com>, Logesh B <logesh.b@cleanmax.com> | L39: =VLOOKUP(C39,Sheet1!A38:E511,2,0) -> #N/A
A40: 36c | B40: DBSKKV-MH-Raatnagiri-241.92kWp Total 3 | C40: =VLOOKUP(B40,Sheet1!B40:D521,2,0) -> West | D40: Dr. Balasaheb Sawant Konkan Krishi Vidyapeeth | E40: CMES IPP1 | F40: Yes | G40: universityengineerdbskkv@gmail.com, regrdbskkv@rediffmail.com, regr.dbskkv@gov.in, Minal Vithlani <minal.vithlani@cleanmax.com>, Prasad Kulkarni <prasad.kulkarni@cleanmax.com>, Kumaravel R <kumaravel.r@cleanmax.com>, Yash Lavhate <yash.lavhate@cleanmax.com>, Logesh B <logesh.b@cleanmax.com> | L40: =VLOOKUP(C40,Sheet1!A39:E512,2,0) -> #N/A
A41: 37 | B41: IVRI-UP-Bareilly-750kWp Total | C41: =VLOOKUP(B41,Sheet1!B41:D522,2,0) -> North | D41: Indian Veterinary Research Institute | E41: CMES | F41: Yes | G41: firoz.khan@icar.gov.in;director.ivri@gmail.com;rajivri.kumaryadav@gmail.com | L41: =VLOOKUP(C41,Sheet1!A40:E513,2,0) -> #N/A
A42: 38 | B42: Crompton Greaves-MH-Aurangabad-358.4kWp Total | C42: =VLOOKUP(B42,Sheet1!B42:D523,2,0) -> West | D42: CG Power and Industrial Solutions Limited | E42: CMES | F42: No | G42: ravindra.pkulkarni@cgglobal.com, Vinay Patil <vinay.patil@cgglobal.com>, Vitthal Kale <vitthal.kale@cgglobal.com>, s6 maintsupport <s6.maintsupport@cgglobal.com> | L42: =VLOOKUP(C42,Sheet1!A41:E514,2,0) -> #N/A
A43: 39 | B43: Crompton Greaves-Nashik-MH-992kWp Total | C43: =VLOOKUP(B43,Sheet1!B43:D524,2,0) -> West | D43: CG Power and Industrial Solutions Limited | E43: CMES | F43: No | G43: Vishal Kakad-Mgr-SW <vishal.kakad@cgglobal.com>, "Prashant Pore-Sr.Mgr-SW" <prashant.pore@cgglobal.com>, Hemant Patil-AGM-SW <hemant.patil@cgglobal.com>, "Sanjay Gade-Sr.Mgr-SW" <sanjay.gade@cgglobal.com>, Kumaravel R <kumaravel.r@cleanmax.com>, Minal Vithlani <minal.vithlani@cleanmax.com>, "Westteam.am" <westteam.am@cleanmax.com> | H43: Hemant.Patil@cgglobal.com | L43: =VLOOKUP(C43,Sheet1!A42:E515,2,0) -> #N/A
A44: 40 | B44: Amity University Gwalior-MP-Gwalior-307.2kWp Total | C44: =VLOOKUP(B44,Sheet1!B44:D525,2,0) -> West | D44: Amity University Gwalior, | E44: CMES IPP1 | F44: No | G44: jsingh1@gwa.amity.edu;sksethi@gwa.amity.edu;uksharma@gwa.amity.edu | J44: Name:Manoj Kumar(Manager) Email: mkumar8@amity.edu Mob:9990225577 | L44: =VLOOKUP(C44,Sheet1!A43:E516,2,0) -> #N/A
A45: 41 | B45: Amity University-HR-Manesar-498.6kWp Total | C45: =VLOOKUP(B45,Sheet1!B45:D526,2,0) -> North | D45: Amity University Manesar | E45: CMES IPP1 | F45: No | G45: scsingh1@amity.edu;mpaggarwal@ggn.amity.edu | J45: "Name:Manoj Kumar(Manager) Email: mkumar8@amity.edu Mob:9990225577" | L45: =VLOOKUP(C45,Sheet1!A44:E517,2,0) -> #N/A
A46: 42 | B46: Amity University-RJ-Jaipur-505.6kWp Total | C46: =VLOOKUP(B46,Sheet1!B46:D527,2,0) -> North | D46: Amity University Jaipur | E46: CMES IPP1 | F46: No | G46: kchhabra@jpr.amity.edu psingh29@amity.edu | J46: Name:Manoj Kumar(Manager) Email: mkumar8@amity.edu Mob:9990225577 | L46: =VLOOKUP(C46,Sheet1!A45:E518,2,0) -> #N/A
A47: 43 | B47: Amity University-RJ-Jaipur Tracker-492.8kWp Total | C47: =VLOOKUP(B47,Sheet1!B47:D528,2,0) -> North | D47: Amity University Jaipur Traker | E47: CMES IPP1 | F47: No | G47: kchhabra@jpr.amity.edu psingh29@amity.edu | J47: Name:Manoj Kumar(Manager) Email: mkumar8@amity.edu Mob:9990225577 | L47: =VLOOKUP(C47,Sheet1!A46:E519,2,0) -> #N/A
A48: 44 | B48: CARI-UP-Bareilly-128kWp Total | C48: =VLOOKUP(B48,Sheet1!B48:D529,2,0) -> North | D48: CARI (Central Avian Research Institute) | E48: CMES IPP1 | F48: Yes | G48: cari_director@rediffmail.com;director.cari@icar.gov.in; skpal1@amity.edu | L48: =VLOOKUP(C48,Sheet1!A47:E520,2,0) -> #N/A
A49: 45 | B49: John Deere-MH-Pune-240.5kWp Total | C49: =VLOOKUP(B49,Sheet1!B49:D530,2,0) -> West | D49: John Deere | E49: CMES IPP1 | F49: No | G49: Nashirkar Manish <NashirkarManish@johndeere.com>, Swain Anuj Kumar <SwainAnujkumar@johndeere.com>, Shah Manish <ShahManish@johndeere.com>, Mhadgut Pandurang <MhadgutPandurang@johndeere.com>, Rakesh kumar Singh <singhrakeshkumar@johndeere.com>, Kumaravel R <kumaravel.r@cleanmax.com>, Logesh B <logesh.b@cleanmax.com>, Minal Vithlani <minal.vithlani@cleanmax.com>, "Westteam.am" <westteam.am@cleanmax.com> | L49: =VLOOKUP(C49,Sheet1!A48:E521,2,0) -> #N/A
A50: 46 | B50: John Deere-MH-Pune-176.79kWp Total | C50: =VLOOKUP(B50,Sheet1!B50:D531,2,0) -> West | D50: John Deere | E50: CMES IPP1 | F50: No | G50: Nashirkar Manish <NashirkarManish@johndeere.com>, Swain Anuj Kumar <SwainAnujkumar@johndeere.com>, Shah Manish <ShahManish@johndeere.com>, Mhadgut Pandurang <MhadgutPandurang@johndeere.com>, Rakesh kumar Singh <singhrakeshkumar@johndeere.com>, Kumaravel R <kumaravel.r@cleanmax.com>, Logesh B <logesh.b@cleanmax.com>, Minal Vithlani <minal.vithlani@cleanmax.com>, "Westteam.am" <westteam.am@cleanmax.com> | L50: =VLOOKUP(C50,Sheet1!A49:E522,2,0) -> #N/A
A51: 47 | B51: Delhi Hatt-DL-Pitampura-140kWp Total | C51: =VLOOKUP(B51,Sheet1!B51:D532,2,0) -> North | D51: Delhi Hatt | E51: CMES IPP1 | F51: Yes | G51: dillihaatpp_dttdc@yahoo.in;rajuneja@yahoo.com | L51: =VLOOKUP(C51,Sheet1!A50:E523,2,0) -> #N/A
A52: 48 | B52: LG House-DL-New Delhi-37.12kWp Total | C52: =VLOOKUP(B52,Sheet1!B52:D533,2,0) -> North | D52: Lieutenant Governor's Secretariat | E52: CMES IPP1 | F52: Yes | G52: supportlg.delhi@gov.in;jpkothari1968@gmail.com | L52: =VLOOKUP(C52,Sheet1!A51:E524,2,0) -> #N/A
A53: 49 | B53: IITM-MH-Pune-230.40kWp Total | C53: =VLOOKUP(B53,Sheet1!B53:D534,2,0) -> West | D53: Indian Institute of Tropical Meterology | E53: CMES IPP1 | F53: Yes | G53: Shilpa B.Patankar <patankar@tropmet.res.in>, Minal Vithlani <minal.vithlani@cleanmax.com>, Kumaravel R <kumaravel.r@cleanmax.com>, Logesh B <logesh.b@cleanmax.com>, "Westteam.am" <westteam.am@cleanmax.com> | L53: =VLOOKUP(C53,Sheet1!A52:E525,2,0) -> #N/A
A54: 50 | B54: BITS Pilani-RJ-Jhunjhunu-949.12kWp Total | C54: =VLOOKUP(B54,Sheet1!B54:D535,2,0) -> North | D54: Birla Institute of technology and Science, | E54: CMES IPP1 | F54: Yes | G54: raman.pratapsingh@pilani.bits;pilani.ac.in | L54: =VLOOKUP(C54,Sheet1!A53:E526,2,0) -> #N/A
A55: 51 | B55: FCC Clutch-RJ-Bhiwadi-448.5kWp Total | C55: =VLOOKUP(B55,Sheet1!B55:D536,2,0) -> North | D55: FCC clutch India Private Limited | E55: CMES IPP1 | F55: No | G55: lmvarshney@fcc-india.com | L55: =VLOOKUP(C55,Sheet1!A54:E527,2,0) -> #N/A
A56: 52 | B56: IIT-DL-Dwarka-99.84kWp Total | C56: =VLOOKUP(B56,Sheet1!B56:D537,2,0) -> North | D56: Integrated Institute of Technology | E56: CMES IPP1 | F56: Yes | G56: iitdtte.delhi@nic.in | L56: =VLOOKUP(C56,Sheet1!A55:E528,2,0) -> #N/A
A57: 53 | B57: Ambedkar Institute of Technology-DL-Delhi-108.8kWp Total | C57: =VLOOKUP(B57,Sheet1!B57:D538,2,0) -> North | D57: Ambedkar Institute of Technology | E57: CMES IPP1 | F57: Yes | G57: bobjos2001@yahoo.co.in;ap.delhi@nic.in | L57: =VLOOKUP(C57,Sheet1!A56:E529,2,0) -> #N/A
A58: 54 | B58: ITI-DL-Nand Nagri-76.8kWp Total | C58: =VLOOKUP(B58,Sheet1!B58:D539,2,0) -> North | D58: Industrial Training Institute | E58: CMES IPP1 | F58: Yes | G58: itinandnagri@yahoo.co.in | L58: =VLOOKUP(C58,Sheet1!A57:E530,2,0) -> #N/A
A59: 55 | B59: Lakshmibai College-DL-Delhi-76.8kWp Total | C59: =VLOOKUP(B59,Sheet1!B59:D540,2,0) -> North | D59: Lakshmibai College | E59: CMES IPP1 | F59: Yes | G59: lbcprincipal@yahoo.co.in;lakshmibaicollege@yahoo.co.in | L59: =VLOOKUP(C59,Sheet1!A58:E531,2,0) -> #N/A
... A61: 57 | B61: Knorr-Bremse-MH-Pune-601.2kWp Total | C61: =VLOOKUP(B61,Sheet1!B61:D542,2,0) -> West | D61: Knorr-Bremse Systems | E61: CMES IPP1 | F61: No | G61: Mudkhedkar, Nagorao (ext) <Nagorao.Mudkhedkar@knorr-bremse.com>, Kumaravel R <kumaravel.r@cleanmax.com>, Minal Vithlani <minal.vithlani@cleanmax.com>, Logesh B <logesh.b@cleanmax.com>, Prasad Kulkarni <prasad.kulkarni@cleanmax.com>, "Kumarsingh, Rajesh" <Rajesh.Kumarsingh@knorr-bremse.com> | L61: =VLOOKUP(C61,Sheet1!A60:E533,2,0) -> #N/A
A62: 58 | B62: UBH-MH-Auraangabad-678.4kWp Total | C62: =VLOOKUP(B62,Sheet1!B62:D543,2,0) -> West | D62: United Breweries H Block | E62: CMES | F62: No | G62: Pankaj Gajanan Phalke <pankajphalke@ubmail.com>, Bhaskar Vasant Lanke <blanke@ubmail.com>, Nilesh Surwade <nilesh.surwade@ubmail.com>, Logesh B <logesh.b@cleanmax.com>, S R Mahant <sunilmahant@ubmail.com>,Kumaravel R <kumaravel.r@cleanmax.com>, Akshay Mohale <akshay.mohale@cleanmax.com> | H62: sunilmahant@ubmail.com | L62: =VLOOKUP(C62,Sheet1!A61:E534,2,0) -> #N/A
A63: 59 | B63: SFL-TN-Chennai-652.8kWp Total | C63: =VLOOKUP(B63,Sheet1!B63:D544,2,0) -> West | D63: Sundram Fasteners Limited | E63: CMES IPP1 | F63: No | G63: sureshbabu.r@sfl.co.in;kalyanaraman.b@sfl.co.in;manickam.l@sfl.co.in | H63: sureshkumar.naidu@sfl.co.in;ganesh.r@sfl.co.in | L63: =VLOOKUP(C63,Sheet1!A62:E535,2,0) -> #N/A
A64: 60 | B64: Hector Beverages-KA-Mysore-345kWp Total | C64: =VLOOKUP(B64,Sheet1!B64:D545,2,0) -> West | D64: Hector Beverages Private Limited | E64: CMES IPP1 | F64: No | G64: prakash.v@hectorbeverages.com;satish@hectorbeverages.commadhusudhan@hectorbeverages.com | L64: =VLOOKUP(C64,Sheet1!A63:E536,2,0) -> #N/A
A65: 61 | B65: Ultratech-HR-Panipat-812.5kWp Total | C65: =VLOOKUP(B65,Sheet1!B65:D546,2,0) -> West | D65: Ultra Tech Cement Limited | E65: CMES | F65: No | G65: alok.r.sharma@adityabirla.com;sharif.lohar@adityabirla.com;rajkumar.ramannvar@adityabirla.com;mohit.barole@adityabirla.com | H65: gourav.benjwal@adityabirla.com | L65: =VLOOKUP(C65,Sheet1!A64:E537,2,0) -> #N/A
A66: 62 | B66: Ultratech Cement-HR-Jhajjar-812.5kWp Total | C66: =VLOOKUP(B66,Sheet1!B66:D547,2,0) -> West | D66: Ultra Tech Cement Limited | E66: CMES | F66: No | G66: Munish.gupta@adityabirla.com;mohit.barole@adityabirla.com | H66: deepak.choudhary@adityabirla.com | L66: =VLOOKUP(C66,Sheet1!A65:E538,2,0) -> #N/A
A67: 63 | B67: PARI-MH-Satara-994.5kWp Total | C67: =VLOOKUP(B67,Sheet1!B67:D548,2,0) -> West | D67: Precision Automation and Robotics India Limited (PARI) | E67: CMES IPP1 | F67: No | G67: Dnyanesh Marne <dnyaneshm@wipropari.com>, "Chetan D. Patil" <chetanp@wipropari.com>, Kumaravel R <kumaravel.r@cleanmax.com>, Minal Vithlani <minal.vithlani@cleanmax.com>, Logesh B <logesh.b@cleanmax.com>, "Westteam.am" <westteam.am@cleanmax.com> | L67: =VLOOKUP(C67,Sheet1!A66:E539,2,0) -> #N/A
A68: 64 | B68: St. Vincent School-MH-Pune-90.88kWp Total | C68: =VLOOKUP(B68,Sheet1!B68:D549,2,0) -> West | D68: St. Vincent School | E68: CMES IPP1 | F68: Yes | G68: stvincentsschool@yahoo.co.in, Minal Vithlani <minal.vithlani@cleanmax.com>, Prasad Kulkarni <prasad.kulkarni@cleanmax.com>, Logesh B <logesh.b@cleanmax.com>, Kumaravel R <kumaravel.r@cleanmax.com> | L68: =VLOOKUP(C68,Sheet1!A67:E540,2,0) -> #N/A
A69: 65 | B69: IP University-DL-Dwarka-140.80kWp Total | C69: =VLOOKUP(B69,Sheet1!B69:D550,2,0) -> West | D69: Guru Gobind Singh Indraprastha University | E69: CMES IPP1 | F69: Yes | G69: purushottam.singh@cleanmax.com | L69: =VLOOKUP(C69,Sheet1!A68:E541,2,0) -> #N/A
A70: 66 | B70: INTEL-KA-Bangalore-220.9kWp Total | C70: =VLOOKUP(B70,Sheet1!B70:D551,2,0) -> West | D70: INTEL Technology Pvt. Ltd., Bellandur | E70: CMES | F70: No | G70: velmuruganx.r@intel.com;<anandx.a.kumar@intel.com;anoop.o.p@intel.com;chethanx.a.s@intel.com | H70: bindux.puttaraj@intel.com; | L70: =VLOOKUP(C70,Sheet1!A69:E542,2,0) -> #N/A
A71: 67 | B71: UBL Srikakulam-AP-Srikakulam-473.6kWp Total | C71: =VLOOKUP(B71,Sheet1!B71:D552,2,0) -> West | D71: United Breweries Limited, Srikakulam | E71: CMES | F71: No | G71: akverghese@ubmail.com;nvsrkrishna@ubmail.com;nishant@ubmail.com;ravindrab@ubmail.com | L71: =VLOOKUP(C71,Sheet1!A70:E543,2,0) -> #N/A
A72: 68 | B72: Integral University-UP-Lucknow-500kWp Total | C72: =VLOOKUP(B72,Sheet1!B72:D553,2,0) -> West | D72: Integral University, Lucknow | E72: CMES | F72: Yes | G72: tusmani1@gmail.com;quddus@iul.ac.in | L72: =VLOOKUP(C72,Sheet1!A71:E544,2,0) -> #N/A
A73: 69 | B73: Emcure-MH-Pune-313.6kWp Total | C73: =VLOOKUP(B73,Sheet1!B73:D554,2,0) -> West | D73: Emcure Pharmaceuticals ltd. | E73: CMES IPP1 | F73: No | G73: Sachin.Phalke@gennova.co.in, Projects.Electrical@emcure.co.in, kishor.Bhingare@emcure.co.in, Yogesh.Chaudhari@emcure.co.in, Minal Vithlani <minal.vithlani@cleanmax.com>, Kumaravel R <kumaravel.r@cleanmax.com>, Logesh B <logesh.b@cleanmax.com>, Prasad Kulkarni <prasad.kulkarni@cleanmax.com>, Satish Chavan <satish.chavan@cleanmax.com> | L73: =VLOOKUP(C73,Sheet1!A72:E545,2,0) -> #N/A
A74: 70 | B74: XLRI-JH-Jamshedpur-325.5kWp Total | C74: =VLOOKUP(B74,Sheet1!B74:D555,2,0) -> North | D74: XLRI | E74: CMES | F74: Yes | G74: sandhya@xlri.ac.in;arindam@xlri.ac.in;rishav@xlri.ac.in | H74: purchases@xlri.ac.in | L74: =VLOOKUP(C74,Sheet1!A73:E546,2,0) -> #N/A
A75: 71 | B75: Tokai Rubber-KA-Ramanagara-365kWp Total | C75: =VLOOKUP(B75,Sheet1!B75:D556,2,0) -> South | D75: Tokai Rubber Auto Parts India Pvt Ltd | E75: CMES IPP1 | F75: No | G75: jacob.j@dhrnt.com;vinodh.a@dhrnt.com | L75: =VLOOKUP(C75,Sheet1!A74:E547,2,0) -> #N/A
A76: 72 | B76: ALP(Neemrana)-RJ-Alwar-326kWp Total | C76: =VLOOKUP(B76,Sheet1!B76:D557,2,0) -> North | D76: ALP FPI Parts Private Limited | E76: CMES | F76: Yes | G76: devendra@india.fpiautoparts.com;planthead@india.fpiautoparts.com | L76: =VLOOKUP(C76,Sheet1!A75:E548,2,0) -> #N/A
A77: 73 | B77: MMM Lightning-MH-Pune-395kWp Total | C77: =VLOOKUP(B77,Sheet1!B77:D558,2,0) -> West | D77: Marelli Motherson automotive lighting India Pvt Ltd | E77: CMES IPP1 | F77: No | G77: Santosh (MMM) <santoshs@marelli.motherson.com>, "Bhosale, Sahebrao (MMLI)" <sahebraobhosale@marelli.motherson.com>, "Gore,Ganesh (MMLI)" <ganesh.gore@marelli.motherson.com>, "Pune, Maintenance (MMLI)" <maint-pune@marelli.motherson.com>, Utility.Pune1@marelli.motherson.com, "Cc:" <nilesh@marelli.motherson.com>, "Sarvesh (MMM)" <sarvesh@marelli.motherson.com>, "S P (MMM)" <sdeshmukh@marelli.motherson.com>, Minal Vithlani <minal.vithlani@cleanmax.com>, Kumaravel R <kumaravel.r@cleanmax.com>, Logesh B <logesh.b@cleanmax.com>, Prasad Kulkarni <prasad.kulkarni@cleanmax.com> | H77: arvesh@marelli.motherson.com;sdeshmukh@marelli.motherson.com | L77: =VLOOKUP(C77,Sheet1!A76:E549,2,0) -> #N/A
A78: 74 | B78: Amazon-KA-Bangalore-1.2MW Total | C78: =VLOOKUP(B78,Sheet1!B78:D559,2,0) -> South | D78: Amazon Seller Services Private Limited | E78: CMES Power 1 | F78: No | G78: PORTAL | L78: =VLOOKUP(C78,Sheet1!A77:E550,2,0) -> #N/A
A79: 75 | B79: ABFRL-FCL-KA-Bangalore-385.28kWp Total | C79: =VLOOKUP(B79,Sheet1!B79:D560,2,0) -> South | D79: Aditya Birla Fashion and Retail Limited | E79: CMES IPP1 | F79: No | G79: girisha.m@abfrl.adityabirla.com;dhanush.c@abfrl.adityabirla.com | H79: Sudhakar.s@abfrl.adityabirla.com; | L79: =VLOOKUP(C79,Sheet1!A78:E551,2,0) -> #N/A
A80: 76 | B80: ABFRL-HAL-KA-Bangalore-176kWp Total | C80: =VLOOKUP(B80,Sheet1!B80:D561,2,0) -> South | D80: Aditya Birla Fashion and Retail Limited | E80: CMES IPP1 | F80: No | G80: anand.ab@abfrl.adityabirla.com | H80: Sudhakar.s@abfrl.adityabirla.com | L80: =VLOOKUP(C80,Sheet1!A79:E552,2,0) -> #N/A
A81: 77 | B81: ABFRL-EGL-KA-Bangalore-501.8kWp Total | C81: =VLOOKUP(B81,Sheet1!B81:D562,2,0) -> South | D81: Aditya Birla Fashion and Retail Limited | E81: CMES IPP1 | F81: No | G81: jubearbasha.km@abfrl.adityabirla.com | H81: Sudhakar.s@abfrl.adityabirla.com | L81: =VLOOKUP(C81,Sheet1!A80:E553,2,0) -> #N/A
A82: 78 | B82: ABFRL-CCL-KA-Bangalore-791.34kWp Total | C82: =VLOOKUP(B82,Sheet1!B82:D563,2,0) -> South | D82: Aditya Birla Fashion and Retail Limited | E82: CMES IPP1 | F82: No | G82: jagadish.ks@abfrl.adityabirla.com | H82: Sudhakar.s@abfrl.adityabirla.com | L82: =VLOOKUP(C82,Sheet1!A81:E554,2,0) -> #N/A
A83: 79 | B83: EDMC-DL-Shahdara-25.6kWp Total | C83: =VLOOKUP(B83,Sheet1!B83:D564,2,0) -> North | D83: Office of the Deputy Commissioner, East Delhi Municipal Corporation | E83: CMES IPP1 | F83: Yes | G83: mcdshahnorthzone@gmail.com | H83: nitinverma608@gmail.com | L83: =VLOOKUP(C83,Sheet1!A82:E555,2,0) -> #N/A
A84: 80 | B84: Asahi-TN-Chennai-123.5kWp Total | C84: =VLOOKUP(B84,Sheet1!B84:D565,2,0) -> South | D84: Asahi India Glass Ltd | E84: CMES Power 1 | F84: Yes | G84: rajesh.chandran@aisglass.com;senthilkumar.manikam@aisglass.com | L84: =VLOOKUP(C84,Sheet1!A83:E556,2,0) -> #N/A
A85: 81 | B85: HSL-AP-Vishakapatnam-2003.4kWp Total | C85: =VLOOKUP(B85,Sheet1!B85:D566,2,0) -> South | D85: Hindustan Shipyard Llimited | E85: CMES Power 1 | F85: Yes | G85: dgm.tech@hslvizag.in;maintenance@hslvizag.in;riyaz.k345@hslvizag.in;umamahesh.k143@hslvizag.in | L85: =VLOOKUP(C85,Sheet1!A84:E557,2,0) -> #N/A
A86: 82 | B86: UB-TS-Kothlapur-806kWp Total | C86: =VLOOKUP(B86,Sheet1!B86:D567,2,0) -> South | D86: United Breweries Limited | E86: CMES | F86: No | G86: kravindrababu@ubmail.com;kraikar@ubmail.com | H86: vrao@ubmail.com;krvrao@ubmail.com;malay.j@ubmail.com | L86: =VLOOKUP(C86,Sheet1!A85:E558,2,0) -> #N/A
A87: 83 | B87: Mahindra & Mahindra-MH-Igatpuri-120kWp Total | C87: =VLOOKUP(B87,Sheet1!B87:D568,2,0) -> West | D87: Mahindra and Mahindra Limited, Automotive Plant, Igatpuri | E87: CMES | F87: No | G87: PAWAR VIKAS <PAWAR.VIKAS2@mahindra.com>, Minal Vithlani <minal.vithlani@cleanmax.com>, KROVI NAGESH <KROVI.NAGESH@mahindra.com>, Logesh B <logesh.b@cleanmax.com>, Kumaravel R <kumaravel.r@cleanmax.com>, Yash Lavhate <yash.lavhate@cleanmax.com> | H87: CHANDRATRE.SUDHIR@mahindra.com;CHANDRATRE.SUDHIR@mahindra.com;JOSHI.MIHIR@mahindra.com | L87: =VLOOKUP(C87,Sheet1!A86:E559,2,0) -> #N/A
A88: 84 | B88: Amity University-MH-Mumbai-274.48kWp Total | C88: =VLOOKUP(B88,Sheet1!B88:D569,2,0) -> North | D88: Amity University , Mumbai | E88: CMES Power 1 | F88: No | G88: Sandeep Dileep Harshey <sdharshey@mum.amity.edu>, Sant Kumar Pal <skpal1@amity.edu>, Minal Vithlani <minal.vithlani@cleanmax.com>, Logesh B <logesh.b@cleanmax.com>, Yash Lavhate <yash.lavhate@cleanmax.com>, Kumaravel R <kumaravel.r@cleanmax.com> | L88: =VLOOKUP(C88,Sheet1!A87:E560,2,0) -> #N/A
A89: 85 | B89: Amity University-WB-Kolkata-200.2kWp Total | C89: =VLOOKUP(B89,Sheet1!B89:D570,2,0) -> North | D89: Amity University , Kolkata | E89: CMES Power 1 | F89: No | G89: sknazimuddin@amity.edu | L89: =VLOOKUP(C89,Sheet1!A88:E561,2,0) -> #N/A
A90: 86 | B90: BAFL-MH-Pune-2004.32kWp Total | C90: =VLOOKUP(B90,Sheet1!B90:D571,2,0) -> West | D90: Bajaj Auto Limited | E90: CMES Power 1 | F90: No | G90: GANESH P. SONI <gpsoni@bajajauto.co.in>, Kumaravel R <kumaravel.r@cleanmax.com>, YASHAWANT V LONDHE <yvlondhe@bajajauto.co.in>, CHANDRAKANT B MANJARE <cbmanjare@bajajauto.co.in>, Prasad Kulkarni <prasad.kulkarni@cleanmax.com>, Logesh B <logesh.b@cleanmax.com> | L90: =VLOOKUP(C90,Sheet1!A89:E562,2,0) -> #N/A
A91: 87 | B91: Navjeevan-DL-Dellhi-49.4kWp Total | C91: =VLOOKUP(B91,Sheet1!B91:D572,2,0) -> North | D91: The Delhi Jesuit Society, New Delhi | E91: CMES Power 1 | F91: Yes | G91: djstreasurer@gmail.com | L91: =VLOOKUP(C91,Sheet1!A90:E563,2,0) -> #N/A
A92: 88 | B92: Kflex-MH-Pune-190kWp Total | C92: =VLOOKUP(B92,Sheet1!B92:D573,2,0) -> West | D92: K Flex India Private Limited | E92: CMES IPP1 | F92: No | G92: Pramod Khodade <pkhodade@kflex.com>, IN BILLSPAYABLE <inbillspayable@kflex.com>, Mahendra Shelar <mshelar@kflex.com>, IN ADMIN <inadmin@kflex.com>, IN ACCOUNTS <inaccounts@kflex.com>, Rahul Bhale <rbhale@kflex.com>, Abhijit Somavanshi <asomavanshi@kflex.com>, "ubarik@kflex.com" <ubarik@kflex.com>, Kumaravel R <kumaravel.r@cleanmax.com>, Minal Vithlani <minal.vithlani@cleanmax.com>, Logesh B <logesh.b@cleanmax.com>, Akshay Mohale <akshay.mohale@cleanmax.com> | H92: accounts@kflex.in | L92: =VLOOKUP(C92,Sheet1!A91:E564,2,0) -> #N/A
A93: 89 | B93: Mahindra Tractors-RJ-Jaipur-330kWp Total | C93: =VLOOKUP(B93,Sheet1!B93:D574,2,0) -> West | D93: Mahindra & Mahindra Limited | E93: CMES | F93: No | G93: kumar.manoj100@mahindra.com;YADAV.RAJESHKUMAR@mahindra.com;kuldeep.choudhary2@mahindra.com;23074175@mahindra.com | H93: shrivastava.mukesh2@mahindra.com;MANAS.MANAS@mahindra.com;MIDHA.TUSHAR@mahindra.com;JAIN.ASHISH5@mahindra.com;yadav.satyaprakash@mahindra.com;singh.surendra8@mahindra.com;Dubey.sunil2@mahindra.com;mantri.anant@mahindra.com | L93: =VLOOKUP(C93,Sheet1!A92:E565,2,0) -> #N/A
A94: 90 | B94: Sigma Unit 1-MH-Chakan-296kWp Total | C94: =VLOOKUP(B94,Sheet1!B94:D575,2,0) -> West | D94: Sigma Electric Manufacturing Pvt Ltd | E94: CMES IPP1 | F94: No | G94: Sonawane, Sheetalkumar <ssonawane@sigma-engineered.com>, "Gunjal, Satish" <sgunjal@sigma-engineered.com>, "Kamble, Sushant" <skamble@sigma-engineered.com>, "Jagtap, Sachin" <sjagtap@sigma-engineered.com>, Minal Vithlani <minal.vithlani@cleanmax.com>, Logesh B <logesh.b@cleanmax.com>, Kumaravel R <kumaravel.r@cleanmax.com>, Prasad Kulkarni <prasad.kulkarni@cleanmax.com>, Satish Chavan <satish.chavan@cleanmax.com> | L94: =VLOOKUP(C94,Sheet1!A93:E566,2,0) -> #N/A
A95: 91 | B95: Sigma Unit 2-MH-Chakan-1021.2kWp Total | C95: =VLOOKUP(B95,Sheet1!B95:D576,2,0) -> West | D95: Sigma Electric Manufacturing Pvt Ltd | E95: CMES IPP1 | F95: No | G95: Patil, Deepak <dpatil@sigma-engineered.com>, Minal Vithlani <minal.vithlani@cleanmax.com>, Logesh B <logesh.b@cleanmax.com>, Kumaravel R <kumaravel.r@cleanmax.com>, Prasad Kulkarni <prasad.kulkarni@cleanmax.com>, Satish Chavan <satish.chavan@cleanmax.com> | L95: =VLOOKUP(C95,Sheet1!A94:E567,2,0) -> #N/A
A96: 92 | B96: Sigma Unit 3-MH-Chakan-352.59kWp Total | C96: =VLOOKUP(B96,Sheet1!B96:D577,2,0) -> West | D96: Sigma Electric Manufacturing Pvt Ltd | E96: CMES IPP1 | F96: No | G96: Gaikwad, Uday <ugaikwad@sigma-engineered.com>, "Wanare, Hemant" <hwanare@sigma-engineered.com>, "Jagtap, Sachin" <sjagtap@sigma-engineered.com>, Kumaravel R <kumaravel.r@cleanmax.com>, Logesh B <logesh.b@cleanmax.com>, "Westteam.am" <westteam.am@cleanmax.com> | L96: =VLOOKUP(C96,Sheet1!A95:E568,2,0) -> #N/A
A97: 93 | B97: Mandoli Jail-DL-Mandoli-736kWp Total | C97: =VLOOKUP(B97,Sheet1!B97:D578,2,0) -> North | D97: Mandoli Jail Complex | E97: CMES IPP1 | F97: No | G97: phqm-tihar@gov.in | L97: =VLOOKUP(C97,Sheet1!A96:E569,2,0) -> #N/A
A98: 94 | B98: Tokai-RJ-Neemrana-256kWp Total | C98: =VLOOKUP(B98,Sheet1!B98:D579,2,0) -> North | D98: Tokai Rubber Auto Parts India Pvt. Ltd., Neemrana | E98: CMES Power 1 | F98: No | G98: navneet@trin.co.in;ramnaresh@trin.co.in | L98: =VLOOKUP(C98,Sheet1!A97:E570,2,0) -> #N/A
A99: 95 | B99: GNIT-UP-Noida-291kWp Total | C99: =VLOOKUP(B99,Sheet1!B99:D580,2,0) -> North | D99: Greater Noida Institute of Technology | E99: CMES Power 1 | F99: Yes | G99: accountant@gnit.net | L99: =VLOOKUP(C99,Sheet1!A98:E571,2,0) -> #N/A
A100: 96 | B100: IIVR-UP-Varanasi-160kWp Total | C100: =VLOOKUP(B100,Sheet1!B100:D581,2,0) -> North | D100: ICAR Indian Institute of Vegetable Research | E100: CMES Power 1 | F100: Yes | G100: skguptaiivr@gmail.com;directoriivr@gmail.com | L100: =VLOOKUP(C100,Sheet1!A99:E572,2,0) -> #N/A
A101: 97 | B101: CAFRI-UP-Jhansi-80kWp Total | C101: =VLOOKUP(B101,Sheet1!B101:D582,2,0) -> North | D101: ICAR-Central Agroforestry Research Institute | E101: CMES Power 1 | F101: Yes | G101: dattaarunava20@gmail.com | L101: =VLOOKUP(C101,Sheet1!A100:E573,2,0) -> #N/A
...

Sheet Sheet1
A1: Customer Code in SAP | B1: Project Name | C1: Region | D1: O&M contact | E1: Invoice Created by | F1: TO | G1: CC | H1: Person Name
A2: 400057 | B2: Agharkar-MH-Pune-100.79kWp Total | C2: West | D2: Yash | E2: Gopi | F2: A V Chaudhari <avchaudhari@aripune.org>, Rahul G Birwadkar <rbirwadkar@aripune.org>, pv sawant <pvsawant@aripune.org>, Minal Vithlani <minal.vithlani@cleanmax.com>, "accounts ." <accounts@aripune.org>, Logesh B <logesh.b@cleanmax.com>, Prasad Kulkarni <prasad.kulkarni@cleanmax.com>, Kumaravel R <kumaravel.r@cleanmax.com> | G2: Minal Vithlani <minal.vithlani@cleanmax.com>; Kumaravel R <kumaravel.r@cleanmax.com> ; Logesh B <logesh.b@cleanmax.com>; westteam.am@cleanmax.com
A3: 400058 | B3: Manipal Resorts-KA-Bangalore-135kWp Total | C3: South | D3: Thirumaran | E3: Kanaga | F3: Venkatesh R <venkatesh.r@goodhostspaces.com>, anil.Kumar@goodhostspaces.com | G3: Thirumaran Ds <thirumaran.ds@cleanmax.com> | H3: Venkatesh
A4: 400059 | B4: Medha Servo-TS-Hyderabad-252kWp Total | C4: South | D4: Veeraju | E4: Kanaga | F4: nagenderkumark <nagenderkumark@medha.com> | G4: sudhakark@medha.com, sasikalat@medha.com, "Vani .Upputuru(HR)" <vaniu@medha.com>, Minal Vithlani <minal.vithlani@cleanmax.com>, P Veerraju <p.veerraju@cleanmax.com>, Logesh B <logesh.b@cleanmax.com>, Vignesh Venkatesan <vignesh.venkat@cleanmax.com>, Kumaravel R <kumaravel.r@cleanmax.com>, Thirumaran Ds <thirumaran.ds@cleanmax.com>
A5: 400060 | B5: Nestle-HR-Samalkha-300kWp Total | C5: North | D5: Ashutosh Kumar | E5: Raji | F5: NBS S2P <Generic.INInvoiceSAR01@in.nestle.com> | G5: Agarwal,Ayush,IN-Samalkha,S & IM Blue Collar - Operational Buying" <Ayush.Agarwal@in.nestle.com>
A6: 400273 | B6: Mahindra & Mahindra-MH-Nagpur-235kWp Total | C6: West | D6: Akshay Mohale | E6: Gopi | F6: JAIN RITESH-NGP <JAIN.RITESH1@mahindra.com>,JUNGHARE GUNWANTA <JUNGHARE.GUNWANTA@mahindra.com>, GOTMARE SURAJ <GOTMARE.SURAJ@mahindra.com>, Minal Vithlani <minal.vithlani@cleanmax.com>, Satish Chavan <satish.chavan@cleanmax.com>, Logesh B <logesh.b@cleanmax.com>, Kumaravel R <kumaravel.r@cleanmax.com>, Akshay Mohale <akshay.mohale@cleanmax.com> | G6: Minal Vithlani <minal.vithlani@cleanmax.com>; Kumaravel R <kumaravel.r@cleanmax.com> ; Logesh B <logesh.b@cleanmax.com>; westteam.am@cleanmax.com
A7: 400062 | B7: CPWD-MH-Pune-151kWp Total | C7: West | D7: Yash | E7: Gopi | F7: lbpune2@gmail.com | G7: Minal Vithlani <minal.vithlani@cleanmax.com>; Kumaravel R <kumaravel.r@cleanmax.com> ; Logesh B <logesh.b@cleanmax.com>; westteam.am@cleanmax.com
A8: 400287 | B8: MMM Sanand-GJ-Ahmedabad-192kWp Total | C8: West | D8: Yash | E8: Gopi | F8: "Rawat Vinod (MMLI)" <Vinod.rawat@marelli.motherson.com>, "Jagtap, Prasad (MMLI)" <Prasad.Jagtap@marelli.motherson.com>, Kumaravel R <kumaravel.r@cleanmax.com>, Yash Lavhate <yash.lavhate@cleanmax.com>; hiteshk.rohilla@marelli.motherson.com; Naveen.Agarwal01@marelli.motherson.com; maint.sanand@marelli.motherson.com | G8: Minal Vithlani <minal.vithlani@cleanmax.com>; Kumaravel R <kumaravel.r@cleanmax.com> ; Logesh B <logesh.b@cleanmax.com>; westteam.am@cleanmax.com
A9: 400167 | B9: CPWD-UP-Agra-50kWp Total | C9: North | D9: Abhishek Rai | E9: Raji | F9: Assistant Engineer Electrical <acesd.agra@gmail.com>, "S.P. Sharma EE(E)" <eebced@rediffmail.com
A10: 400065 | B10: CPWD-KA-Bangalore-75.6kWp Total | C10: South | D10: Thirumaran | E10: Kanaga | F10: bedcpwdbng@gmail.com, bcesd4cpwd.blr@gmail.com, vidhyaslm@gmail.com. | G10: sabin t <sabint.nls@gmail.com>, Paurush Chaturvedi <paurush.chaturvedi@cleanmaxsolar.com>, Minal Vithlani <minal.vithlani@cleanmax.com>, Logesh B <logesh.b@cleanmax.com>, Kumaravel R <kumaravel.r@cleanmax.com>, Dinesh Kumar <admin.chennai@cleanmax.com>, Thirumaran Ds <thirumaran.ds@cleanmax.com>, Manoj Kumar <manoj.kumar@cleanmax.com> | H10: Kishore kumar Umashankar
A11: 400217 | B11: IIT-BHU-UP-Varanasi-1518kWp Total | C11: North | D11: Abhishek Rai | E11: Raji | F11: office.iwd@iitbhu.ac.in, sbd.civ@iitbhu.ac.in, aecivil.iwd@itbhu.ac | G11: Assistant Engineer (Electrical) IWD, IIT (BHU)" <aeelectrical.iwd@itbhu.ac.in>, "Dr. S.K.Gupta" <skgupta.civ@iitbhu.ac.in
A12: 400067 | B12: Kendriya Sadan-TS-Hyderabad-100.8kWp Total | C12: South | D12: Veeraju | E12: Kanaga | F12: "aee hcesd2.cpwd" <aeehcesd2.cpwd@gmail.com> | G12: P Veerraju <p.veerraju@cleanmax.com>, Minal Vithlani <minal.vithlani@cleanmax.com>, Kumaravel R <kumaravel.r@cleanmax.com>, Logesh B <logesh.b@cleanmax.com>, Dinesh Kumar <admin.chennai@cleanmax.com>, Gokul N <gokul.n@cleanmax.com>
A13: 400251 | B13: Kendriya Sadan-MH-Belapur-37kWp Total | C13: West | D13: Yash | E13: Gopi | F13: MCED V <eeemcedv@gmail.com>, shachendra@yahoo.co.in, Kumaravel R <kumaravel.r@cleanmaxsolar.com>, Logesh B <logesh.b@cleanmax.com>, Minal Vithlani <minal.vithlani@cleanmax.com>, AEE3 MCED <aee3mced3cpwd@gmail.com>, Rakesh Kumar Sharma <sharmacpwd@gmail.com>, Assistant Engineer Mced <aee3mcedv@gmail.com>, "Westteam.am" <westteam.am@cleanmax.com> | G13: Minal Vithlani <minal.vithlani@cleanmax.com>; Kumaravel R <kumaravel.r@cleanmax.com> ; Logesh B <logesh.b@cleanmax.com>; westteam.am@cleanmax.com
A14: 400153 | B14: CGO-MH-Belapur-50.4kWp Total | C14: West | D14: Yash | E14: Gopi | F14: MCED V <eeemcedv@gmail.com>, shachendra@yahoo.co.in, Kumaravel R <kumaravel.r@cleanmaxsolar.com>, Logesh B <logesh.b@cleanmax.com>, Minal Vithlani <minal.vithlani@cleanmax.com>, AEE3 MCED <aee3mced3cpwd@gmail.com>, Rakesh Kumar Sharma <sharmacpwd@gmail.com>, Assistant Engineer Mced <aee3mcedv@gmail.com>, "Westteam.am" <westteam.am@cleanmax.com> | G14: Minal Vithlani <minal.vithlani@cleanmax.com>; Kumaravel R <kumaravel.r@cleanmax.com> ; Logesh B <logesh.b@cleanmax.com>; westteam.am@cleanmax.com
A15: 400157 | B15: CPWD-MH-Mumbai-50kWp Total | C15: West | D15: Yash | E15: Gopi | F15: sd2 mced1 <sd2_mced1@yahoo.co.in> | G15: Minal Vithlani <minal.vithlani@cleanmax.com>; Kumaravel R <kumaravel.r@cleanmax.com> ; Logesh B <logesh.b@cleanmax.com>; westteam.am@cleanmax.com
A16: 400071 | B16: CGO Complex-UP-Ghaziabad-126kWp Total | C16: North | D16: Ashutosh Kumar | E16: Raji | F16: aee1gcesd1hcedcpwd@gmail.com | G16: Kamlendra Kamal <kamal.kk.05@gmail.com>
A17: 400072 | B17: GPO-UP-Ghaziabad-113kWp Total | C17: North | D17: Ashutosh Kumar | E17: Raji | F17: aee1gcesd1hcedcpwd@gmail.com | G17: Kamlendra Kamal <kamal.kk.05@gmail.com>
A18: 400073 | B18: RAF-UP-Meerut-75kWp Total | C18: North | D18: Ashutosh Kumar | E18: Raji | F18: Computercell 108RAF <computercell108raf@gmail.com>, pramod KUMAR <sandeep108bn@gmail.com>
A19: 400074 | B19: NVTI-UP-Noida-115kWp Total | C19: North | D19: Ashutosh Kumar | E19: Raji | F19: nvti@nic.in
A20: 400075 | B20: MHEL-CHAKAN-MH-Pune-64kWp Total | C20: West | D20: Yash | E20: Gopi | F20: ENCHALWAR GAJANAN - MHEL <ENCHALWAR.GAJANAN@mahindra.com>, Prasad Kulkarni <prasad.kulkarni@cleanmax.com>, CHAVAN HEMANT-MHEL <CHAVAN.HEMANT@mahindra.com>, Minal Vithlani <minal.vithlani@cleanmax.com>, KUMAR ADITYA - MHEL <KUMAR.ADITYA203d22@mahindra.com>, Kumaravel R <kumaravel.r@cleanmax.com>, Logesh B <logesh.b@cleanmax.com> | G20: Minal Vithlani <minal.vithlani@cleanmax.com>; Kumaravel R <kumaravel.r@cleanmax.com> ; Logesh B <logesh.b@cleanmax.com>; westteam.am@cleanmax.com
A21: 400076 | B21: MHEL-CHAKAN-MH-Pune-211kWp Total | C21: West | D21: Yash | E21: Gopi | F21: ENCHALWAR GAJANAN - MHEL <ENCHALWAR.GAJANAN@mahindra.com>, Prasad Kulkarni <prasad.kulkarni@cleanmax.com>, CHAVAN HEMANT-MHEL <CHAVAN.HEMANT@mahindra.com>, Minal Vithlani <minal.vithlani@cleanmax.com>, KUMAR ADITYA - MHEL <KUMAR.ADITYA203d22@mahindra.com>, Kumaravel R <kumaravel.r@cleanmax.com>, Logesh B <logesh.b@cleanmax.com> | G21: Minal Vithlani <minal.vithlani@cleanmax.com>; Kumaravel R <kumaravel.r@cleanmax.com> ; Logesh B <logesh.b@cleanmax.com>; westteam.am@cleanmax.com
A22: 400077 | B22: KIOCL-KA-Mangalore-191.2kWp Total | C22: South | D22: Thirumaran | E22: Kanaga | F22: BFUELECTRICAL@KIOCLLTD.IN mfa@kioclltd.in | G22: Kumaravel R <kumaravel.r@cleanmaxsolar.com>, Minal Vithlani <minal.vithlani@cleanmax.com>, Logesh B <logesh.b@cleanmax.com>, Bhargav Venkatesh <bhargav.venkatesh@cleanmax.com>, Thirumaran Ds <thirumaran.ds@cleanmax.com> | H22: Ashwathanarayana KIOCL
A23: 400078 | B23: KIOCL-KA-Mangalore-102.4kWp Total | C23: South | D23: Thirumaran | E23: Kanaga | F23: BFUELECTRICAL@KIOCLLTD.IN mfa@kioclltd.in | G23: Kumaravel R <kumaravel.r@cleanmaxsolar.com>, Minal Vithlani <minal.vithlani@cleanmax.com>, Logesh B <logesh.b@cleanmax.com>, Bhargav Venkatesh <bhargav.venkatesh@cleanmax.com>, Thirumaran Ds <thirumaran.ds@cleanmax.com> | H23: Ashwathanarayana KIOCL
A24: 400079 | B24: KIOCL-KA-Mangalore-83.2kWp Total | C24: South | D24: Thirumaran | E24: Kanaga | F24: mppelec@kioclltd.in mfa@kioclltd.in | G24: Kumaravel R <kumaravel.r@cleanmaxsolar.com>, Minal Vithlani <minal.vithlani@cleanmax.com>, Logesh B <logesh.b@cleanmax.com>, Bhargav Venkatesh <bhargav.venkatesh@cleanmax.com>, Thirumaran Ds <thirumaran.ds@cleanmax.com>, Manoj Kumar <manoj.kumar@cleanmax.com> | H24: Anil Kumar
A25: 400277 | B25: Mahindra & Mahindra-RJ-Jaipur-269kWp Total | C25: West | D25: Govind | E25: Raji | F25: YADAV SATYAPRAKASH <YADAV.SATYAPRAKASH@mahindra.com>
A26: 400088 | B26: AMU-UP-Aligarh-1141.1kWp Total | C26: North | D26: Abhishek Rai | E26: Raji | F26: m.rihan.ee@amu.ac.in, Mohd Shamim Ansari <shamim_3747@rediffmail.com>
A27: 400096 | B27: AMU-UP-Aligarh-359.8kWp Total | C27: North | D27: Abhishek Rai | E27: Raji | F27: m.rihan.ee@amu.ac.in, Mohd Shamim Ansari <shamim_3747@rediffmail.com>
A28: 400083 | B28: Unitech Sec-21-HR-Gurugram-333.9kWp Total | C28: North | D28: Ashutosh Kumar | E28: Raji | F28: Dahiya, Deepak" <Deepak.Dahiya@jll.com | G28: KR, Parveen" <Parveen.KR@jll.com>, "Manager G2, Estate" <estate.managerg2@brookfield.com>, "Mukherjee, Srijit" <srijit.mukherjee@brookfieldproperties.com>, "Rana, Suresh" <sureshkumar.rana@brookfieldproperties.com>, "Rajput, Manoj" <Manoj.Rajput@jll.com>,"Ojha, Amit @ Gurgaon" <Amit.Ojha@cbre.com>
A29: 400359 | B29: Unitech Sec-48-HR-Gurugram-199kWp Total | C29: North | D29: Ashutosh Kumar | E29: Raji | F29: Yadav, RakeshY" <RakeshY.Yadav@jll.com> | G29: Bhat, Sharashchandra" <Sharashchandra.Bhat@jll.com>, "Rai, Rupesh" <Rupesh.Rai@jll.com>, "Kaushik, Sunil" <sunil.kaushik@brookfield.com>, "Manager G1, Estate" <estate.managerg1@brookfield.com>, "Singh, Roshan" <Roshan.Singh@jll.com>, "Jha, Anup" <Anup.Jha@jll.com>
A30: Shut down | B30: BASF-MH-Mumbai-26.88kWp Total | C30: West | D30: Yash | F30: Shut down | G30: Minal Vithlani <minal.vithlani@cleanmax.com>; Kumaravel R <kumaravel.r@cleanmax.com> ; Logesh B <logesh.b@cleanmax.com>; westteam.am@cleanmax.com
A31: 400286 | B31: Minda (Plant-2)-HR-Rewari-100kWp Total | C31: North | D31: Govind | E31: Raji | F31: Marut Chaudhary <marut.chaudhary@furukawaminda.com> | G31: Dileep kumar <dileep.kumar@furukawaminda.com>,
A32: 400087 | B32: Ministry of Earth Science-DL-New Delhi-60.8kWp Total | C32: North | D32: Ashutosh Kumar | E32: Raji | F32: ankit.jain@nic.in, Praveen Kumar Jain <praveen.kj@nic.in>
A33: 401318 | B33: Viviana Mall-MH-Thane-89.6kWp Total | C33: West | D33: Yash | E33: Gopi | F33: Devyani Bhosle <enghelpdesk@lakeshorein.com>, Subhash Ahuja <sahuja@lakeshorein.com>, Nitin Vichare <nvichare@lakeshorein.com>, Kapil Jadhav <kjadhav@lakeshorein.com>, Narayana Reddy Chintala <nchintala@lakeshorein.com>, Ranjeet Yadav <ryadav@lakeshorein.com>, Kumaravel R <kumaravel.r@cleanmax.com>, Logesh B <logesh.b@cleanmax.com>, Minal Vithlani <minal.vithlani@cleanmax.com>, Prasad Kulkarni <prasad.kulkarni@cleanmax.com>, Kaushal Kishore <kaushal.kishore@cleanmax.com>, Yash Lavhate <yash.lavhate@cleanmax.com> | G33: Minal Vithlani <minal.vithlani@cleanmax.com>; Kumaravel R <kumaravel.r@cleanmax.com> ; Logesh B <logesh.b@cleanmax.com>; westteam.am@cleanmax.com
A34: 400089 | B34: NCMRWF-UP-Noida-158.1kWp Total 1 | C34: North | D34: Ashutosh Kumar | E34: Raji | F34: Arun Kumar <arun@ncmrwf.gov.in
A35: 401225 | B35: NCMRWF-UP-Noida-158.1kWp Total 2 | C35: North | D35: Ashutosh Kumar | E35: Raji | F35: Arun Kumar <arun@ncmrwf.gov.in
A36: 400090 | B36: NRCG-MH-Pune-70.4kWp Total | C36: West | D36: Yash | E36: Gopi | F36: Auditnrcgrapes Grapes <auditnrcgrapes@gmail.com>, kaliicarnrcg@gmail.com, "Director, ICAR-NRC Grapes, Pune" <dirnrcg@gmail.com>, Minal Vithlani <minal.vithlani@cleanmax.com>, Kumaravel R <kumaravel.r@cleanmax.com>, Logesh B <logesh.b@cleanmax.com>, "Westteam.am" <westteam.am@cleanmax.com> | G36: Minal Vithlani <minal.vithlani@cleanmax.com>; Kumaravel R <kumaravel.r@cleanmax.com> ; Logesh B <logesh.b@cleanmax.com>; westteam.am@cleanmax.com
A37: 400091 | B37: INCOIS-TS-Hyderabad-397kWp Total | C37: South | D37: Veeraju | E37: Kanaga | F37: "Vijay G." <vijay@incois.gov.in>, NB Subrahmanyam <nbsubrahmanyam@incois.gov.in> | G37: Kumaravel R <kumaravel.r@cleanmax.com>, P Veerraju <p.veerraju@cleanmax.com>, Minal Vithlani <minal.vithlani@cleanmax.com>, Logesh B <logesh.b@cleanmax.com>
A38: 400092 | B38: DBSKKV-MH-Raatnagiri-241.92kWp Total 1 | C38: West | D38: Vinod Sonkamble | E38: Gopi | F38: universityengineerdbskkv@gmail.com, regrdbskkv@rediffmail.com, regr.dbskkv@gov.in, Minal Vithlani <minal.vithlani@cleanmax.com>, Prasad Kulkarni <prasad.kulkarni@cleanmax.com>, Kumaravel R <kumaravel.r@cleanmax.com>, Yash Lavhate <yash.lavhate@cleanmax.com>, Logesh B <logesh.b@cleanmax.com> | G38: Minal Vithlani <minal.vithlani@cleanmax.com>; Kumaravel R <kumaravel.r@cleanmax.com> ; Logesh B <logesh.b@cleanmax.com>; westteam.am@cleanmax.com
A39: 400093 | B39: DBSKKV-MH-Raatnagiri-241.92kWp Total 2 | C39: West | D39: Vinod Sonkamble | E39: Gopi | F39: universityengineerdbskkv@gmail.com, regrdbskkv@rediffmail.com, regr.dbskkv@gov.in, Minal Vithlani <minal.vithlani@cleanmax.com>, Prasad Kulkarni <prasad.kulkarni@cleanmax.com>, Kumaravel R <kumaravel.r@cleanmax.com>, Yash Lavhate <yash.lavhate@cleanmax.com>, Logesh B <logesh.b@cleanmax.com> | G39: Minal Vithlani <minal.vithlani@cleanmax.com>; Kumaravel R <kumaravel.r@cleanmax.com> ; Logesh B <logesh.b@cleanmax.com>; westteam.am@cleanmax.com
A40: 400094 | B40: DBSKKV-MH-Raatnagiri-241.92kWp Total 3 | C40: West | D40: Vinod Sonkamble | E40: Gopi | F40: universityengineerdbskkv@gmail.com, regrdbskkv@rediffmail.com, regr.dbskkv@gov.in, Minal Vithlani <minal.vithlani@cleanmax.com>, Prasad Kulkarni <prasad.kulkarni@cleanmax.com>, Kumaravel R <kumaravel.r@cleanmax.com>, Yash Lavhate <yash.lavhate@cleanmax.com>, Logesh B <logesh.b@cleanmax.com> | G40: Minal Vithlani <minal.vithlani@cleanmax.com>; Kumaravel R <kumaravel.r@cleanmax.com> ; Logesh B <logesh.b@cleanmax.com>; westteam.am@cleanmax.com
A41: 400222 | B41: IVRI-UP-Bareilly-750kWp Total | C41: North | D41: Abhishek Rai | E41: Raji | F41: Director Ivri <director.ivri@gmail.com>, HOO IVRI <hoo.ivri@gmail.com>, rajneesh kumar <rajivri.kumaryadav@gmail.com>
A42: 400168 | B42: Crompton Greaves-MH-Aurangabad-358.4kWp Total | C42: West | D42: Akshay Mohale | E42: Gopi | F42: ravindra.pkulkarni@cgglobal.com, Vinay Patil <vinay.patil@cgglobal.com>, Vitthal Kale <vitthal.kale@cgglobal.com>, s6 maintsupport <s6.maintsupport@cgglobal.com> | G42: Minal Vithlani <minal.vithlani@cleanmax.com>; Kumaravel R <kumaravel.r@cleanmax.com> ; Logesh B <logesh.b@cleanmax.com>; westteam.am@cleanmax.com
A43: 400169 | B43: Crompton Greaves-Nashik-MH-992kWp Total | C43: West | D43: Yash | E43: Gopi | F43: Vishal Kakad-Mgr-SW <vishal.kakad@cgglobal.com>, "Prashant Pore-Sr.Mgr-SW" <prashant.pore@cgglobal.com>, Hemant Patil-AGM-SW <hemant.patil@cgglobal.com>, "Sanjay Gade-Sr.Mgr-SW" <sanjay.gade@cgglobal.com>, Kumaravel R <kumaravel.r@cleanmax.com>, Minal Vithlani <minal.vithlani@cleanmax.com>, "Westteam.am" <westteam.am@cleanmax.com> | G43: Minal Vithlani <minal.vithlani@cleanmax.com>; Kumaravel R <kumaravel.r@cleanmax.com> ; Logesh B <logesh.b@cleanmax.com>; westteam.am@cleanmax.com
A44: 400069 | B44: Amity University Gwalior-MP-Gwalior-307.2kWp Total | C44: West | D44: Purushottam Singh | E44: Raji | F44: Jitendra Singh <jsingh1@gwa.amity.edu> | G44: Col.S.K.Sethi" <sksethi@gwa.amity.edu>, Manoj Kumar <mkumar8@amity.edu>
A45: 400099 | B45: Amity University-HR-Manesar-498.6kWp Total | C45: North | D45: Ashutosh Kumar | E45: Raji | F45: Suresh Chand Singh <scsingh1@amity.edu>, mpaggarwal@ggn.amity.edu, Manoj Kumar <mkumar8@amity.edu>
A46: 400081 | B46: Amity University-RJ-Jaipur-505.6kWp Total | C46: North | D46: Govind | E46: Raji | F46: Kapil Chhabra <kchhabra@jpr.amity.edu> | G46: Priyanshu Singh <psingh29@amity.edu>
A47: 400081 | B47: Amity University-RJ-Jaipur Tracker-492.8kWp Total | C47: North | D47: Govind | E47: Raji | F47: Kapil Chhabra <kchhabra@jpr.amity.edu> | G47: Priyanshu Singh <psingh29@amity.edu>
A48: 400145 | B48: CARI-UP-Bareilly-128kWp Total | C48: North | D48: Abhishek Rai | E48: Raji | F48: cari_director@rediffmail.com, director.cari@icar.gov.in
A49: 400103 | B49: John Deere-MH-Pune-240.5kWp Total | C49: West | D49: Akshay Mohale | E49: Gopi | F49: Nashirkar Manish <NashirkarManish@johndeere.com>, Swain Anuj Kumar <SwainAnujkumar@johndeere.com>, Shah Manish <ShahManish@johndeere.com>, Mhadgut Pandurang <MhadgutPandurang@johndeere.com>, Rakesh kumar Singh <singhrakeshkumar@johndeere.com>, Kumaravel R <kumaravel.r@cleanmax.com>, Logesh B <logesh.b@cleanmax.com>, Minal Vithlani <minal.vithlani@cleanmax.com>, "Westteam.am" <westteam.am@cleanmax.com> | G49: Minal Vithlani <minal.vithlani@cleanmax.com>; Kumaravel R <kumaravel.r@cleanmax.com> ; Logesh B <logesh.b@cleanmax.com>; westteam.am@cleanmax.com
A50: 400104 | B50: John Deere-MH-Pune-176.79kWp Total | C50: West | D50: Akshay Mohale | E50: Gopi | F50: Nashirkar Manish <NashirkarManish@johndeere.com>, Swain Anuj Kumar <SwainAnujkumar@johndeere.com>, Shah Manish <ShahManish@johndeere.com>, Mhadgut Pandurang <MhadgutPandurang@johndeere.com>, Rakesh kumar Singh <singhrakeshkumar@johndeere.com>, Kumaravel R <kumaravel.r@cleanmax.com>, Logesh B <logesh.b@cleanmax.com>, Minal Vithlani <minal.vithlani@cleanmax.com>, "Westteam.am" <westteam.am@cleanmax.com> | G50: Minal Vithlani <minal.vithlani@cleanmax.com>; Kumaravel R <kumaravel.r@cleanmax.com> ; Logesh B <logesh.b@cleanmax.com>; westteam.am@cleanmax.com
A51: 400105 | B51: Delhi Hatt-DL-Pitampura-140kWp Total | C51: North | D51: Ashutosh Kumar | E51: Raji | F51: dillihaatpp_dttdc@yahoo.in, rajuneja@yahoo.com
A52: 400106 | B52: LG House-DL-New Delhi-37.12kWp Total | C52: North | D52: Ashutosh Kumar | E52: Raji | F52: supportlg.delhi@gov.in, "J.P Kothari" <jpkothari1968@gmail.com
A53: 400107 | B53: IITM-MH-Pune-230.40kWp Total | C53: West | D53: Yash | E53: Gopi | F53: Shilpa B.Patankar <patankar@tropmet.res.in>, Minal Vithlani <minal.vithlani@cleanmax.com>, Kumaravel R <kumaravel.r@cleanmax.com>, Logesh B <logesh.b@cleanmax.com>, "Westteam.am" <westteam.am@cleanmax.com> | G53: Minal Vithlani <minal.vithlani@cleanmax.com>; Kumaravel R <kumaravel.r@cleanmax.com> ; Logesh B <logesh.b@cleanmax.com>; westteam.am@cleanmax.com
A54: 400129 | B54: BITS Pilani-RJ-Jhunjhunu-949.12kWp Total | C54: North | D54: Govind | E54: Raji | F54: Raman Pratap Singh <raman.pratapsingh@pilani.bits-pilani.ac.in
A55: 400185 | B55: FCC Clutch-RJ-Bhiwadi-448.5kWp Total | C55: North | D55: Purushottam Singh | E55: Raji | F55: JP Saini <jpsaini@fcc-india.com> | H55: JP Saini
A56: 400110 | B56: IIT-DL-Dwarka-99.84kWp Total | C56: North | D56: Ashutosh Kumar | E56: Raji | F56: iitdtte.delhi@nic.in
A57: 400111 | B57: Ambedkar Institute of Technology-DL-Delhi-108.8kWp Total | C57: North | D57: Ashutosh Kumar | E57: Raji | F57: boben <bobjos2001@yahoo.co.in>, ap.delhi@nic.in
A58: 400112 | B58: ITI-DL-Nand Nagri-76.8kWp Total | C58: North | D58: Ashutosh Kumar | E58: Raji | F58: PRINCIPAL I.T.I. Nand Nagri" <itinandnagri@yahoo.co.in>
A59: 400113 | B59: Lakshmibai College-DL-Delhi-76.8kWp Total | C59: North | D59: Ashutosh Kumar | E59: Raji | F59: lbcprincipal@yahoo.co.in, lakshmibaicollege@yahoo.co.in
A60: 400114 | B60: DIPSAR-DL-Delhi-108.8kWp Total | C60: North | D60: Ashutosh Kumar | E60: Raji | F60: registrar@dpsru.edu.in
A61: 400115 | B61: Knorr-Bremse-MH-Pune-601.2kWp Total | C61: West | D61: Yash | E61: Gopi | F61: Mudkhedkar, Nagorao (ext) <Nagorao.Mudkhedkar@knorr-bremse.com>, Kumaravel R <kumaravel.r@cleanmax.com>, Minal Vithlani <minal.vithlani@cleanmax.com>, Logesh B <logesh.b@cleanmax.com>, Prasad Kulkarni <prasad.kulkarni@cleanmax.com>, "Kumarsingh, Rajesh" <Rajesh.Kumarsingh@knorr-bremse.com> | G61: Minal Vithlani <minal.vithlani@cleanmax.com>; Kumaravel R <kumaravel.r@cleanmax.com> ; Logesh B <logesh.b@cleanmax.com>; westteam.am@cleanmax.com
A62: 400391 | B62: UBH-MH-Auraangabad-678.4kWp Total | C62: West | D62: Akshay Mohale | E62: Gopi | F62: Pankaj Gajanan Phalke <pankajphalke@ubmail.com>, Bhaskar Vasant Lanke <blanke@ubmail.com>, Nilesh Surwade <nilesh.surwade@ubmail.com>, Logesh B <logesh.b@cleanmax.com>, S R Mahant <sunilmahant@ubmail.com>,Kumaravel R <kumaravel.r@cleanmax.com>, Akshay Mohale <akshay.mohale@cleanmax.com>,rajendra.thale@ubmail.com | G62: Minal Vithlani <minal.vithlani@cleanmax.com>; Kumaravel R <kumaravel.r@cleanmax.com> ; Logesh B <logesh.b@cleanmax.com>; westteam.am@cleanmax.com
A63: 401284 | B63: SFL-TN-Chennai-652.8kWp Total | C63: West | D63: Gokul | E63: Kanaga | F63: Arathy Sudhan - CORP - ENERGY-MGMT <arathy.sudhan@sfl.co.in> | G63: Z - ENERGY - CORP <energy@sfl.co.in>, Suresh <sureshbabu.r@sfl.co.in>, Kumaravel R <kumaravel.r@cleanmax.com>, Gokul N <gokul.n@cleanmax.com>, Minal Vithlani <minal.vithlani@cleanmax.com>, Logesh B <logesh.b@cleanmax.com>, kalyanaraman.b@sfl.co.in, senthilkumar.g@sfl.co.in, viswanathan.s@sfl.co.in, Srijanani S - CORP - ENERGY-MGMT <srijanani.s@sfl.co.in> | H63: suresh babu
A64: 400117 | B64: Hector Beverages-KA-Mysore-345kWp Total | C64: West | D64: Manoj Kumar | E64: Kanaga | F64: Arunkumar C <arunkumar@hectorbeverages.com>, Adhiraju M <adhiraju.m@hectorbeverages.com>, Chethan B E <chethan.be@hectorbeverages.com> | G64: Adhiraju M <adhiraju.m@hectorbeverages.com>, "Prakash Venkatapur (Shared)" <prakash.v@hectorbeverages.com>, Satish MS <satish@hectorbeverages.com>, Kumaravel R <kumaravel.r@cleanmax.com>, Minal Vithlani <minal.vithlani@cleanmax.com>, Logesh B <logesh.b@cleanmax.com>, Lokesha <lokesha@hectorbeverages.com>, Keshav Munavalli <keshav.munavalli@hectorbeverages.com>, Mysore Stores <stores.mys@hectorbeverages.com>, Manoj Kumar <manoj.kumar@cleanmax.com> | H64: Mr. Adhiraju
A65: 400118 | B65: Ultratech-HR-Panipat-812.5kWp Total | C65: West | D65: Ashutosh Kumar | E65: Raji | F65: Alok Sharma <alok.r.sharma@adityabirla.com>, sharif lohar <sharif.lohar@adityabirla.com>, Rajkumar Ramannavar <rajkumar.ramannvar@adityabirla.com>, Mohit Barole <mohit.barole@adityabirla.com>, Abhishek Kumar <abhishek.s.k@adityabirla.com>, Deepak Choudhary <deepak.choudhary@adityabirla.com>
A66: 400119 | B66: Ultratech Cement-HR-Jhajjar-812.5kWp Total | C66: West | D66: Ashutosh Kumar | E66: Raji | F66: Alok Sharma <alok.r.sharma@adityabirla.com>, sharif lohar <sharif.lohar@adityabirla.com>, Rajkumar Ramannavar <rajkumar.ramannvar@adityabirla.com>, Mohit Barole <mohit.barole@adityabirla.com>, Abhishek Kumar <abhishek.s.k@adityabirla.com>, Deepak Choudhary <deepak.choudhary@adityabirla.com>
A67: 400120 | B67: PARI-MH-Satara-994.5kWp Total | C67: West | D67: Vinod | E67: Gopi | F67: Dnyanesh Marne <dnyaneshm@wipropari.com>, "Chetan D. Patil" <chetanp@wipropari.com>, Kumaravel R <kumaravel.r@cleanmax.com>, Minal Vithlani <minal.vithlani@cleanmax.com>, Logesh B <logesh.b@cleanmax.com>, "Westteam.am" <westteam.am@cleanmax.com> | G67: Minal Vithlani <minal.vithlani@cleanmax.com>; Kumaravel R <kumaravel.r@cleanmax.com> ; Logesh B <logesh.b@cleanmax.com>; westteam.am@cleanmax.com
A68: 400121 | B68: St. Vincent School-MH-Pune-90.88kWp Total | C68: West | D68: Yash | E68: Gopi | F68: stvincentsschool@yahoo.co.in, Minal Vithlani <minal.vithlani@cleanmax.com>, Prasad Kulkarni <prasad.kulkarni@cleanmax.com>, Logesh B <logesh.b@cleanmax.com>, Kumaravel R <kumaravel.r@cleanmax.com> | G68: Minal Vithlani <minal.vithlani@cleanmax.com>; Kumaravel R <kumaravel.r@cleanmax.com> ; Logesh B <logesh.b@cleanmax.com>; westteam.am@cleanmax.com
A69: 400122 | B69: IP University-DL-Dwarka-140.80kWp Total | C69: West | D69: Ashutosh Kumar | E69: Raji | F69: uwd@ipu.ac.in
A70: 400123 | B70: INTEL-KA-Bangalore-220.9kWp Total | C70: West | D70: Thirumaran | E70: Kanaga | F70: "R, VelmuruganX" <velmuruganx.r@intel.com> | G70: "Raj, VasudevanX Kesava" <vasudevanx.kesava.raj@intel.com>, "Patchammal, KalaivananX" <kalaivananx.patchammal@intel.com>, "K, Eswar ReddyX" <eswar.reddyx.k@intel.com>, Minal Vithlani <minal.vithlani@cleanmax.com>, Kumaravel R <kumaravel.r@cleanmax.com>, Logesh B <logesh.b@cleanmax.com>, Bhargav Venkatesh <bhargav.venkatesh@cleanmax.com>, Thirumaran Ds <thirumaran.ds@cleanmax.com>, Manoj Kumar <manoj.kumar@cleanmax.com> | H70: Velmurugan
A71: 400124 | B71: UBL Srikakulam-AP-Srikakulam-473.6kWp Total | C71: West | D71: Veeraju | E71: Kanaga | F71: Nishant Anand <nishant@ubmail.com>, vatti.nagaraju@ubmail.com | G71: P Veerraju <p.veerraju@cleanmax.com>, Minal Vithlani <minal.vithlani@cleanmax.com>, Verghese A K <akverghese@ubmail.com>, Ramakrishna Darbhamulla <ramakrishna@ubmail.com>, Logesh B <logesh.b@cleanmax.com>, Vignesh Venkatesan <vignesh.venkat@cleanmax.com>, Kumaravel R <kumaravel.r@cleanmax.com> | H71: +91 81233 73046
A72: 400221 | B72: Integral University-UP-Lucknow-500kWp Total | C72: West | D72: Abhishek Rai | E72: Raji | F72: "T. Usmani Usmani" <tusmani1@gmail.com>, quddus@iul.ac.in, treasurer@iul.ac.in
A73: 400126 | B73: Emcure-MH-Pune-313.6kWp Total | C73: West | D73: Yash | E73: Gopi | F73: Sachin.Phalke@gennova.co.in, Projects.Electrical@emcure.co.in, kishor.Bhingare@emcure.co.in, Yogesh.Chaudhari@emcure.co.in, Minal Vithlani <minal.vithlani@cleanmax.com>, Kumaravel R <kumaravel.r@cleanmax.com>, Logesh B <logesh.b@cleanmax.com>, Prasad Kulkarni <prasad.kulkarni@cleanmax.com>, Satish Chavan <satish.chavan@cleanmax.com> | G73: Minal Vithlani <minal.vithlani@cleanmax.com>; Kumaravel R <kumaravel.r@cleanmax.com> ; Logesh B <logesh.b@cleanmax.com>; westteam.am@cleanmax.com
A74: 400127 | B74: XLRI-JH-Jamshedpur-325.5kWp Total | C74: North | D74: Sasikanta Sahoo | E74: Raji | F74: Sandhya Singh <sandhya@xlri.ac.in> | G74: arindam@xlri.ac.in Purchases Xlri <purchases@xlri.ac.in>, deanadmin@xlri.ac.in,Rohit Kumar Singh <rohit.singh@xlri.ac.in
A75: 400128 , 401740 | B75: Tokai Rubber-KA-Ramanagara-365kWp Total | C75: South | D75: Manoj Kumar | E75: Kanaga | F75: JACOB J MATHEW <jacob.j@dhrnt.com> | G75: JACOB J MATHEW <jacob.j@dhrnt.com>, NINGTHOUJAM SONIBALA <ningthoujam.sonibala@dhrnt.com>, "류기범(Ryoo Ki Beom)" <kibeom.ryoo@dhrnt.com>, "박걸묵(Dylan Park)" <geolmuk.park@dhrnt.com>, Minal Vithlani <minal.vithlani@cleanmax.com>, Kumaravel R <kumaravel.r@cleanmax.com>, Thirumaran Ds <thirumaran.ds@cleanmax.com>, Manoj Kumar <manoj.kumar@cleanmax.com>, Logesh B <logesh.b@cleanmax.com>, Regina Grace <regina.grace@cleanmax.com> | H75: Mr. Jacob Mathew
A76: 400068 | B76: ALP(Neemrana)-RJ-Alwar-326kWp Total | C76: North | D76: Govind | E76: Raji | F76: Devendra Chaudhary <devendra@india.fpiautoparts.com>, Girish Tiwari <planthead@india.fpiautoparts.com>
A77: 400130 | B77: MMM Lightning-MH-Pune-395kWp Total | C77: West | D77: Ali | E77: Gopi | F77: Santosh (MMM) <santoshs@marelli.motherson.com>, "Bhosale, Sahebrao (MMLI)" <sahebraobhosale@marelli.motherson.com>, "Gore,Ganesh (MMLI)" <ganesh.gore@marelli.motherson.com>, "Pune, Maintenance (MMLI)" <maint-pune@marelli.motherson.com>, Utility.Pune1@marelli.motherson.com, "Cc:" <nilesh@marelli.motherson.com>, "Sarvesh (MMM)" <sarvesh@marelli.motherson.com>, "S P (MMM)" <sdeshmukh@marelli.motherson.com>, Minal Vithlani <minal.vithlani@cleanmax.com>, Kumaravel R <kumaravel.r@cleanmax.com>, Logesh B <logesh.b@cleanmax.com>, Prasad Kulkarni <prasad.kulkarni@cleanmax.com> | G77: Minal Vithlani <minal.vithlani@cleanmax.com>; Kumaravel R <kumaravel.r@cleanmax.com> ; Logesh B <logesh.b@cleanmax.com>; westteam.am@cleanmax.com
A78: 400131 | B78: Amazon-KA-Bangalore-1.2MW Total | C78: South | D78: Manoj Kumar | E78: Kanaga | F78: "P, Vinothkumar" <vinothpz@amazon.com> | G78: Regina Grace <regina.grace@cleanmax.com>, Kumaravel R <kumaravel.r@cleanmax.com>, "SHIRASANGI., SHIVARAJ IRANNA" <shirasan@amazon.com>, Minal Vithlani <minal.vithlani@cleanmax.com>, Logesh B <logesh.b@cleanmax.com>, Manoj Kumar <manoj.kumar@cleanmax.com>, Thirumaran Ds <thirumaran.ds@cleanmax.com>, "GUHAN, M." <mguhn@amazon.com>, "S, Vignesan" <svignesa@amazon.com>, Shalini N <shalini.n@cleanmax.com>, "R, Prathap" <rprat@amazon.com>, "blr7-facilities@amazon.com" <blr7-facilities@amazon.com>, "blr7-facility@amazon.com" <blr7-facility@amazon.com>, "Haridas, Vinay" <vinaydh@amazon.com> | H78: Mr. Vinoth
A79: 400132 / 401749 | B79: ABFRL-FCL-KA-Bangalore-385.28kWp Total | C79: South | D79: Thirumaran | E79: Kanaga | F79: Girisha Mohandas <girisha.m@abfrl.adityabirla.com>, Jagadish KS <jagadish.ks@abfrl.adityabirla.com>, Ramesh S <ramesh.s2@abfrl.adityabirla.com>, jayakar.h@ablbl.adityabirla.com, dharmendra.d@ablbl.adityabirla.com | G79: Sudhakar S <sudhakar.s@abfrl.adityabirla.com>, Minal Vithlani <minal.vithlani@cleanmax.com>, Logesh B <logesh.b@cleanmax.com>, Bhargav Venkatesh <bhargav.venkatesh@cleanmax.com>, Kumaravel R <kumaravel.r@cleanmax.com>, Thirumaran Ds <thirumaran.ds@cleanmax.com>, Manoj Kumar <manoj.kumar@cleanmax.com> | H79: Jayakar
A80: 400133 / 401754 | B80: ABFRL-HAL-KA-Bangalore-176kWp Total | C80: South | D80: Manoj Kumar | E80: Kanaga | F80: Anand AB <anand.ab@abfrl.adityabirla.com> | G80: Sudhakar S <Sudhakar.s@abfrl.adityabirla.com>, Minal Vithlani <minal.vithlani@cleanmax.com>, Logesh B <logesh.b@cleanmax.com>, Kumaravel R <kumaravel.r@cleanmax.com>, Thirumaran Ds <thirumaran.ds@cleanmax.com>, Manoj Kumar <manoj.kumar@cleanmax.com>,rahmath.thaslima@ablbl.adityabirla.com, keerthy.c@ablbl.adityabirla.com | H80: Mr. Anand
A81: 400134 / 401748 | B81: ABFRL-EGL-KA-Bangalore-501.8kWp Total | C81: South | D81: Thirumaran | E81: Kanaga | F81: "mg.eglmaintanance" <mg.eglmaintanance@abfrl.adityabirla.com>, PRAJWAL MAMANI <prajwal.mamani@abfrl.adityabirla.com>, RMichael raj <michaelraj.r@abfrl.adityabirla.com>, Subramanyam Ganesh <subramanyam.g@abfrl.adityabirla.com>, Rahmath Thaslima <rahmath.thaslima@abfrl.adityabirla.com>, Y KIRAN <y.kiran@abfrl.adityabirla.com> | G81: Minal Vithlani <minal.vithlani@cleanmax.com>, Logesh B <logesh.b@cleanmax.com>, MARUTHI VK <maruthi.vk@abfrl.adityabirla.com>, JubearBasha KM <jubearbasha.km@abfrl.adityabirla.com>, Kumaravel R <kumaravel.r@cleanmax.com>, Thirumaran <thirumaran.ds@cleanmax.com>, Manoj Kumar <manoj.kumar@cleanmax.com> | H81: Subramaniyam
A82: 400135 / 401747 | B82: ABFRL-CCL-KA-Bangalore-791.34kWp Total | C82: South | D82: Thirumaran | E82: Kanaga | F82: Jagadish KS <jagadish.ks@abfrl.adityabirla.com>, Girisha Mohandas <girisha.m@abfrl.adityabirla.com> | G82: Sudhakar S <sudhakar.s@abfrl.adityabirla.com>, Keerthy C <keerthy.c@abfrl.adityabirla.com>, Mahesh Manohar <mahesh.manohar@abfrl.adityabirla.com>, SrinivasPissey Thukaram <srinivas.pt@abfrl.adityabirla.com>, Arunkumar Vijayan <arunkumar.v@abfrl.adityabirla.com>, Minal Vithlani <minal.vithlani@cleanmax.com>, Logesh B <logesh.b@cleanmax.com>, Bhargav Venkatesh <bhargav.venkatesh@cleanmax.com>, Kumaravel R <kumaravel.r@cleanmax.com>, Thirumaran Ds <thirumaran.ds@cleanmax.com> | H82: Girish
A83: 400136 | B83: EDMC-DL-Shahdara-25.6kWp Total | C83: North | D83: Ashutosh Kumar | E83: Raji | F83: mcdshahnorthzone@gmail.com | G83: Nitin Verma <nitinverma608@gmail.com>
A84: 400137 | B84: Asahi-TN-Chennai-123.5kWp Total | C84: South | D84: Gokul | E84: Kanaga | F84: Rajesh Chandran <rajesh.chandran@aisglass.com> | G84: Gokul N <gokul.n@cleanmax.com>, Minal Vithlani <minal.vithlani@cleanmax.com>, Logesh B <logesh.b@cleanmax.com>, Kumaravel R <kumaravel.r@cleanmax.com> | H84: Rajesh
A85: 400138 | B85: HSL-AP-Vishakapatnam-2003.4kWp Total | C85: South | D85: Veeraju | E85: Kanaga | F85: PNV Srinivasa Rao DGM YP <dgm.tech@hslvizag.in>, maintenance@hslvizag.in, RIYAZ AHMED MD <riyaz.k345@hslvizag.in>, "B.ESWARA RAO O" <eswar.f633@hslvizag.in>, Vigneshwar Rao Tejavath <vignesh.r386@hslvizag.in>, PRAVEEN YARASANI I <praveeny.k483@hslvizag.in> | G85: Minal Vithlani <minal.vithlani@cleanmax.com>, Kumaravel R <kumaravel.r@cleanmax.com>, P Veerraju <p.veerraju@cleanmax.com>, Logesh B <logesh.b@cleanmax.com>
A86: 400139 | B86: UB-TS-Kothlapur-806kWp Total | C86: South | D86: Veeraju | E86: Kanaga | F86: K Ravindrababu <kravindrababu@ubmail.com>, kraikar@ubmail.com, pkpatil@ubmail.com, gone.chandana@ubmail.com, svelumurugan@ubmail.com | G86: Minal Vithlani <minal.vithlani@cleanmax.com>, P Veerraju <p.veerraju@cleanmax.com>, Logesh B <logesh.b@cleanmax.com>, Kumaravel R <kumaravel.r@cleanmax.com>
A87: 400271 | B87: Mahindra & Mahindra-MH-Igatpuri-120kWp Total | C87: West | D87: Yash | E87: Gopi | F87: PAWAR VIKAS <PAWAR.VIKAS2@mahindra.com>, Minal Vithlani <minal.vithlani@cleanmax.com>, KROVI NAGESH <KROVI.NAGESH@mahindra.com>, Logesh B <logesh.b@cleanmax.com>, Kumaravel R <kumaravel.r@cleanmax.com>, Yash Lavhate <yash.lavhate@cleanmax.com> | G87: Minal Vithlani <minal.vithlani@cleanmax.com>; Kumaravel R <kumaravel.r@cleanmax.com> ; Logesh B <logesh.b@cleanmax.com>; westteam.am@cleanmax.com
A88: 400070 | B88: Amity University-MH-Mumbai-274.48kWp Total | C88: North | D88: Yash | E88: Gopi | F88: Sandeep Dileep Harshey <sdharshey@mum.amity.edu>, Sant Kumar Pal <skpal1@amity.edu>, Minal Vithlani <minal.vithlani@cleanmax.com>, Logesh B <logesh.b@cleanmax.com>, Yash Lavhate <yash.lavhate@cleanmax.com>, Kumaravel R <kumaravel.r@cleanmax.com> | G88: Minal Vithlani <minal.vithlani@cleanmax.com>; Kumaravel R <kumaravel.r@cleanmax.com> ; Logesh B <logesh.b@cleanmax.com>; westteam.am@cleanmax.com
A89: 400142 | B89: Amity University-WB-Kolkata-200.2kWp Total | C89: North | D89: Sasikanta Sahoo | E89: Raji | F89: SK Nazimuddin <sknazimuddin@amity.edu> | G89: Anand Pandey <apandey7@amity.edu>, Priyanshu Singh <psingh29@amity.edu>
A90: 400100 | B90: BAFL-MH-Pune-2004.32kWp Total | C90: West | D90: Yash | E90: Gopi | F90: GANESH P. SONI <gpsoni@bajajauto.co.in>, Kumaravel R <kumaravel.r@cleanmax.com>, YASHAWANT V LONDHE <yvlondhe@bajajauto.co.in>, CHANDRAKANT B MANJARE <cbmanjare@bajajauto.co.in>, Prasad Kulkarni <prasad.kulkarni@cleanmax.com>, Logesh B <logesh.b@cleanmax.com> | G90: Minal Vithlani <minal.vithlani@cleanmax.com>; Kumaravel R <kumaravel.r@cleanmax.com> ; Logesh B <logesh.b@cleanmax.com>; westteam.am@cleanmax.com
A91: 400144 | B91: Navjeevan-DL-Dellhi-49.4kWp Total | C91: North | D91: Ashutosh Kumar | E91: Raji | F91: "Treasurer, The Delhi Jesuit Society" <djstreasurer@gmail.com
A92: 400253 | B92: Kflex-MH-Pune-190kWp Total | C92: West | D92: Akshay Mohale | E92: Gopi | F92: Pramod Khodade <pkhodade@kflex.com>, IN BILLSPAYABLE <inbillspayable@kflex.com>, Mahendra Shelar <mshelar@kflex.com>, IN ADMIN <inadmin@kflex.com>, IN ACCOUNTS <inaccounts@kflex.com>, Rahul Bhale <rbhale@kflex.com>, Abhijit Somavanshi <asomavanshi@kflex.com>, "ubarik@kflex.com" <ubarik@kflex.com>, Kumaravel R <kumaravel.r@cleanmax.com>, Minal Vithlani <minal.vithlani@cleanmax.com>, Logesh B <logesh.b@cleanmax.com>, Akshay Mohale <akshay.mohale@cleanmax.com> | G92: Minal Vithlani <minal.vithlani@cleanmax.com>; Kumaravel R <kumaravel.r@cleanmax.com> ; Logesh B <logesh.b@cleanmax.com>; westteam.am@cleanmax.com
A93: 400279 | B93: Mahindra Tractors-RJ-Jaipur-330kWp Total | C93: West | D93: Govind | E93: Raji | F93: YADAV SATYAPRAKASH <YADAV.SATYAPRAKASH@mahindra.com>
A94: 400147 | B94: Sigma Unit 1-MH-Chakan-296kWp Total | C94: West | D94: Ali | E94: Gopi | F94: Sonawane, Sheetalkumar <ssonawane@sigma-engineered.com>, "Gunjal, Satish" <sgunjal@sigma-engineered.com>, "Kamble, Sushant" <skamble@sigma-engineered.com>, "Jagtap, Sachin" <sjagtap@sigma-engineered.com>, Minal Vithlani <minal.vithlani@cleanmax.com>, Logesh B <logesh.b@cleanmax.com>, Kumaravel R <kumaravel.r@cleanmax.com>, Prasad Kulkarni <prasad.kulkarni@cleanmax.com>, Satish Chavan <satish.chavan@cleanmax.com> | G94: Minal Vithlani <minal.vithlani@cleanmax.com>; Kumaravel R <kumaravel.r@cleanmax.com> ; Logesh B <logesh.b@cleanmax.com>; westteam.am@cleanmax.com
A95: 400148 | B95: Sigma Unit 2-MH-Chakan-1021.2kWp Total | C95: West | D95: Ali | E95: Gopi | F95: Patil, Deepak <dpatil@sigma-engineered.com>, Minal Vithlani <minal.vithlani@cleanmax.com>, Logesh B <logesh.b@cleanmax.com>, Kumaravel R <kumaravel.r@cleanmax.com>, Prasad Kulkarni <prasad.kulkarni@cleanmax.com>, Satish Chavan <satish.chavan@cleanmax.com> | G95: Minal Vithlani <minal.vithlani@cleanmax.com>; Kumaravel R <kumaravel.r@cleanmax.com> ; Logesh B <logesh.b@cleanmax.com>; westteam.am@cleanmax.com
A96: 400149 | B96: Sigma Unit 3-MH-Chakan-352.59kWp Total | C96: West | D96: Ali | E96: Gopi | F96: Gaikwad, Uday <ugaikwad@sigma-engineered.com>, "Wanare, Hemant" <hwanare@sigma-engineered.com>, "Jagtap, Sachin" <sjagtap@sigma-engineered.com>, Kumaravel R <kumaravel.r@cleanmax.com>, Logesh B <logesh.b@cleanmax.com>, "Westteam.am" <westteam.am@cleanmax.com> | G96: Minal Vithlani <minal.vithlani@cleanmax.com>; Kumaravel R <kumaravel.r@cleanmax.com> ; Logesh B <logesh.b@cleanmax.com>; westteam.am@cleanmax.com
A97: 400150 | B97: Mandoli Jail-DL-Mandoli-736kWp Total | C97: North | D97: Ashutosh Kumar | E97: Raji | F97: phqm-tihar@gov.in
A98: 400383 | B98: Tokai-RJ-Neemrana-256kWp Total | C98: North | D98: Govind | E98: Raji | F98: Navneet <navneet@trin.co.in> | G98: Ram Naresh <ramnaresh@trin.co.in>,
A99: 400152 | B99: GNIT-UP-Noida-291kWp Total | C99: North | D99: Ashutosh Kumar | F99: NA
A100: 400220 | B100: IIVR-UP-Varanasi-160kWp Total | C100: North | D100: Abhishek Rai | E100: Raji | F100: Sushil Kumar Gupta <skguptaiivr@gmail.com>, Director IIVR <directoriivr@gmail.com>
...
